Model_name,input_size,exec_time,flops
MobileNet0.25-v1,"(32, 32, 3)",0.465389541284404,3124757
MobileNet0.25-v1,"(56, 56, 3)",0.489202853211009,5510613
MobileNet0.25-v1,"(64, 64, 3)",0.540377211009174,8118293
MobileNet0.25-v1,"(75, 75, 3)",0.554904743119266,8911253
MobileNet0.25-v1,"(112, 112, 3)",0.61194147706422,21188245
MobileNet0.25-v1,"(128, 128, 3)",0.633462073394496,28092437
MobileNet0.25-v1,"(150, 150, 3)",0.692542458715596,34954805
MobileNet0.25-v1,"(224, 224, 3)",0.975275532110092,83021333
MobileNet0.25-v1,"(240, 240, 3)",1.06315442201835,93611669
MobileNet0.25-v1,"(256, 256, 3)",1.13210411009174,107989013
MobileNet0.25-v1,"(299, 299, 3)",1.36309394495413,139677077
MobileNet0.25-v1,"(320, 320, 3)",1.46545226605505,167911445
MobileNet0.25-v1,"(331, 331, 3)",1.5592859266055,171674005
MobileNet0.25-v1,"(448, 448, 3)",2.39182679816514,327704597
MobileNet0.25-v1,"(480, 480, 3)",2.58416390825688,375975445
MobileNet0.25-v1,"(568, 568, 3)",3.49383278899083,513775061
MobileNet0.25-v1,"(600, 600, 3)",3.62234239449541,573838293
MobileNet0.25-v1,"(800, 800, 3)",5.97976297247706,1041780245
MobileNet0.25-v1,"(896, 896, 3)",7.43544479816514,1306437653
MobileNet0.25-v1,"(1024, 1024, 3)",9.40981866055046,1705920533
MobileNet0.25-v1,"(1200, 1200, 3)",12.8401821376147,2334589589
MobileNet0.25-v1,"(1600, 1600, 3)",22.9225971926606,4162740245
MobileNet0.25-v1,"(1792, 1792, 3)",28.9027763577982,5221369877
MobileNet0.25-v1,"(2400, 2400, 3)",47.5416083577982,9364340245
MobileNet0.5-v1,"(32, 32, 3)",0.795777467889908,9780837
MobileNet0.5-v1,"(56, 56, 3)",0.860612513761468,18247141
MobileNet0.5-v1,"(64, 64, 3)",0.861867183486238,28025445
MobileNet0.5-v1,"(75, 75, 3)",0.940973825688073,30623589
MobileNet0.5-v1,"(112, 112, 3)",1.02622749541284,75595621
MobileNet0.5-v1,"(128, 128, 3)",1.08635122018349,101003877
MobileNet0.5-v1,"(150, 150, 3)",1.27280089908257,125429925
MobileNet0.5-v1,"(224, 224, 3)",1.73067421100917,301694565
MobileNet0.5-v1,"(240, 240, 3)",1.83656900917431,339980133
MobileNet0.5-v1,"(256, 256, 3)",1.94740714678899,392917605
MobileNet0.5-v1,"(299, 299, 3)",2.38444669724771,507424613
MobileNet0.5-v1,"(320, 320, 3)",2.65607543119266,611852901
MobileNet0.5-v1,"(331, 331, 3)",2.75682796330275,624191333
MobileNet0.5-v1,"(448, 448, 3)",4.32031172477064,1195680357
MobileNet0.5-v1,"(480, 480, 3)",4.7168711559633,1372044901
MobileNet0.5-v1,"(568, 568, 3)",6.22810988990826,1872588261
MobileNet0.5-v1,"(600, 600, 3)",6.80722549541285,2091870693
MobileNet0.5-v1,"(800, 800, 3)",11.5810904770642,3804659301
MobileNet0.5-v1,"(896, 896, 3)",14.6242921559633,4771623525
MobileNet0.5-v1,"(1024, 1024, 3)",18.3924478715596,6231192165
MobileNet0.5-v1,"(1200, 1200, 3)",25.4050969816514,8526030693
MobileNet0.5-v1,"(1600, 1600, 3)",44.9980857889908,15207539301
MobileNet0.5-v1,"(1792, 1792, 3)",57.3026955229358,19075396197
MobileNet0.5-v1,"(2400, 2400, 3)",98.5470579724771,34212339301
MobileNet0.75-v1,"(32, 32, 3)",1.29812880733945,19974325
MobileNet0.75-v1,"(56, 56, 3)",1.37052731192661,38215669
MobileNet0.75-v1,"(64, 64, 3)",1.37745658715596,59727541
MobileNet0.75-v1,"(75, 75, 3)",1.52877171559633,65143093
MobileNet0.75-v1,"(112, 112, 3)",1.62357250458716,163228213
MobileNet0.75-v1,"(128, 128, 3)",1.71474267889908,218740405
MobileNet0.75-v1,"(150, 150, 3)",1.94834423853211,271431445
MobileNet0.75-v1,"(224, 224, 3)",2.80571425688073,656025781
MobileNet0.75-v1,"(240, 240, 3)",2.97862310091743,739111477
MobileNet0.75-v1,"(256, 256, 3)",3.08100977981651,854791861
MobileNet0.75-v1,"(299, 299, 3)",3.89898666055046,1103248693
MobileNet0.75-v1,"(320, 320, 3)",4.24707101834862,1331830453
MobileNet0.75-v1,"(331, 331, 3)",4.56034126605505,1357558069
MobileNet0.75-v1,"(448, 448, 3)",7.07017229357798,2603933365
MobileNet0.75-v1,"(480, 480, 3)",7.6583462293578,2988214453
MobileNet0.75-v1,"(568, 568, 3)",10.1972261376147,4076445685
MobileNet0.75-v1,"(600, 600, 3)",11.1835463486239,4554103285
MobileNet0.75-v1,"(800, 800, 3)",18.768364266055,8288643253
MobileNet0.75-v1,"(896, 896, 3)",23.5568651009174,10395563701
MobileNet0.75-v1,"(1024, 1024, 3)",29.9548991100917,13575820981
MobileNet0.75-v1,"(1200, 1200, 3)",41.1518729357798,18574329397
MobileNet0.75-v1,"(1600, 1600, 3)",73.249301440367,33134403253
MobileNet0.75-v1,"(1792, 1792, 3)",93.0655432293578,41562085045
MobileNet0.75-v1,"(2400, 2400, 3)",162.532538651376,74544003253
MobileNet1.0-v1,"(32, 32, 3)",1.86287455963303,33705221
MobileNet1.0-v1,"(56, 56, 3)",1.88148704587156,65416197
MobileNet1.0-v1,"(64, 64, 3)",1.90946726605505,103224581
MobileNet1.0-v1,"(75, 75, 3)",1.98196124770642,112469765
MobileNet1.0-v1,"(112, 112, 3)",2.19186036697248,284086021
MobileNet1.0-v1,"(128, 128, 3)",2.33979003669725,381302021
MobileNet1.0-v1,"(150, 150, 3)",2.67480171559633,472959365
MobileNet1.0-v1,"(224, 224, 3)",3.72348865137615,1146014981
MobileNet1.0-v1,"(240, 240, 3)",3.89384236697248,1291005701
MobileNet1.0-v1,"(256, 256, 3)",4.12116450458716,1493611781
MobileNet1.0-v1,"(299, 299, 3)",5.20832243119266,1927149317
MobileNet1.0-v1,"(320, 320, 3)",5.83492825688073,2327844101
MobileNet1.0-v1,"(331, 331, 3)",6.04006726605505,2371774213
MobileNet1.0-v1,"(448, 448, 3)",10.0536602385321,4552463621
MobileNet1.0-v1,"(480, 480, 3)",10.8875220642202,5224484101
MobileNet1.0-v1,"(568, 568, 3)",14.8987889266055,7125347333
MobileNet1.0-v1,"(600, 600, 3)",16.0722102568807,7960536069
MobileNet1.0-v1,"(800, 800, 3)",26.9426709449541,14493732101
MobileNet1.0-v1,"(896, 896, 3)",34.3797082844037,18178258181
MobileNet1.0-v1,"(1024, 1024, 3)",42.7872834954129,23739806981
MobileNet1.0-v1,"(1200, 1200, 3)",59.1692570917431,32479485701
MobileNet1.0-v1,"(1600, 1600, 3)",104.890847036697,57943332101
MobileNet1.0-v1,"(1792, 1792, 3)",133.917071073395,72681436421
MobileNet1.0-v1,"(2400, 2400, 3)",233.975337697248,130359332101
MobileNet0.35-v2,"(32, 32, 3)",0.86314797,8295997
MobileNet0.35-v2,"(56, 56, 3)",0.86837855,11494725
MobileNet0.35-v2,"(64, 64, 3)",0.95990274,15407629
MobileNet0.35-v2,"(75, 75, 3)",0.98842587,16846509
MobileNet0.35-v2,"(112, 112, 3)",1.11761546,33032037
MobileNet0.35-v2,"(128, 128, 3)",1.18629397,43854157
MobileNet0.35-v2,"(150, 150, 3)",1.37789764,52712349
MobileNet0.35-v2,"(224, 224, 3)",1.91306507,122082109
MobileNet0.35-v2,"(240, 240, 3)",2.05137809,134957413
MobileNet0.35-v2,"(256, 256, 3)",2.08566645,157640269
MobileNet0.35-v2,"(299, 299, 3)",2.5755471,204082397
MobileNet0.35-v2,"(320, 320, 3)",2.87787022,242979853
MobileNet0.35-v2,"(331, 331, 3)",3.02833409,249794733
MobileNet0.35-v2,"(448, 448, 3)",4.6204492,470552077
MobileNet0.35-v2,"(480, 480, 3)",5.16459857,539297853
MobileNet0.35-v2,"(568, 568, 3)",6.66519011,732263749
MobileNet0.35-v2,"(600, 600, 3)",7.38559673,817611061
MobileNet0.35-v2,"(800, 800, 3)",11.9553362,1487515453
MobileNet0.35-v2,"(896, 896, 3)",14.72579105,1864431949
MobileNet0.35-v2,"(1024, 1024, 3)",18.91025057,2433362509
MobileNet0.35-v2,"(1200, 1200, 3)",25.75448118,3317352613
MobileNet0.35-v2,"(1600, 1600, 3)",45.78622281,5932285453
MobileNet0.35-v2,"(1792, 1792, 3)",57.92884831,7439951437
MobileNet0.35-v2,"(2400, 2400, 3)",98.41063072,13340235453
MobileNet0.5-v2,"(32, 32, 3)",1.02847771,10426853
MobileNet0.5-v2,"(56, 56, 3)",1.08940844,15494405
MobileNet0.5-v2,"(64, 64, 3)",1.18416568,22175045
MobileNet0.5-v2,"(75, 75, 3)",1.19962463,24236261
MobileNet0.5-v2,"(112, 112, 3)",1.34685354,51148645
MobileNet0.5-v2,"(128, 128, 3)",1.418626,69167813
MobileNet0.5-v2,"(150, 150, 3)",1.54579263,83386229
MobileNet0.5-v2,"(224, 224, 3)",2.23229884,198397925
MobileNet0.5-v2,"(240, 240, 3)",2.45481601,219352165
MobileNet0.5-v2,"(256, 256, 3)",2.56410109,257138885
MobileNet0.5-v2,"(299, 299, 3)",3.14584528,332527237
MobileNet0.5-v2,"(320, 320, 3)",3.5221903,398117189
MobileNet0.5-v2,"(331, 331, 3)",3.58788561,407897317
MobileNet0.5-v2,"(448, 448, 3)",5.7254316,774059333
MobileNet0.5-v2,"(480, 480, 3)",6.30732437,887625189
MobileNet0.5-v2,"(568, 568, 3)",8.25525679,1203888389
MobileNet0.5-v2,"(600, 600, 3)",9.10559392,1344736101
MobileNet0.5-v2,"(800, 800, 3)",14.95180688,2454050789
MobileNet0.5-v2,"(896, 896, 3)",18.62730298,3076704965
MobileNet0.5-v2,"(1024, 1024, 3)",23.71751647,4016560325
MobileNet0.5-v2,"(1200, 1200, 3)",32.5999477,5475263845
MobileNet0.5-v2,"(1600, 1600, 3)",57.9362523,9796670789
MobileNet0.5-v2,"(1792, 1792, 3)",73.46977708,12287287493
MobileNet0.5-v2,"(2400, 2400, 3)",126.34156172,22034370789
MobileNet0.75-v2,"(32, 32, 3)",1.29511515,16336517
MobileNet0.75-v2,"(56, 56, 3)",1.38464149,27817205
MobileNet0.75-v2,"(64, 64, 3)",1.4178146,41795093
MobileNet0.75-v2,"(75, 75, 3)",1.51615364,46572869
MobileNet0.75-v2,"(112, 112, 3)",1.77487055,105384645
MobileNet0.75-v2,"(128, 128, 3)",1.9732718,143629397
MobileNet0.75-v2,"(150, 150, 3)",2.2514002,175921037
MobileNet0.75-v2,"(224, 224, 3)",3.26630256,423673733
MobileNet0.75-v2,"(240, 240, 3)",3.6327816,470873669
MobileNet0.75-v2,"(256, 256, 3)",3.84416122,550966613
MobileNet0.75-v2,"(299, 299, 3)",4.75409788,715656501
MobileNet0.75-v2,"(320, 320, 3)",5.30224648,856469525
MobileNet0.75-v2,"(331, 331, 3)",5.4607356,879129413
MobileNet0.75-v2,"(448, 448, 3)",8.78731066,1671143957
MobileNet0.75-v2,"(480, 480, 3)",9.55073747,1917243525
MobileNet0.75-v2,"(568, 568, 3)",12.91527806,2608919285
MobileNet0.75-v2,"(600, 600, 3)",14.20153336,2914503429
MobileNet0.75-v2,"(800, 800, 3)",24.18947337,5311720325
MobileNet0.75-v2,"(896, 896, 3)",30.09161115,6661024853
MobileNet0.75-v2,"(1024, 1024, 3)",38.64045749,8697710933
MobileNet0.75-v2,"(1200, 1200, 3)",52.72551858,11867957189
MobileNet0.75-v2,"(1600, 1600, 3)",93.44515366,21223330325
MobileNet0.75-v2,"(1792, 1792, 3)",118.7194737,26620548437
MobileNet1.3-v2,"(32, 32, 3)",2.2957388,34858141
MobileNet1.3-v2,"(56, 56, 3)",2.38860135,60748605
MobileNet1.3-v2,"(64, 64, 3)",2.45664708,97048957
MobileNet1.3-v2,"(75, 75, 3)",2.60079345,106736589
MobileNet1.3-v2,"(112, 112, 3)",3.10117974,250454125
MobileNet1.3-v2,"(128, 128, 3)",3.23953686,345812221
MobileNet1.3-v2,"(150, 150, 3)",3.66778403,419847565
MobileNet1.3-v2,"(224, 224, 3)",5.41883137,1029911197
MobileNet1.3-v2,"(240, 240, 3)",5.67862869,1140900461
MobileNet1.3-v2,"(256, 256, 3)",6.06648802,1340865277
MobileNet1.3-v2,"(299, 299, 3)",7.54083083,1734686829
MobileNet1.3-v2,"(320, 320, 3)",8.42881857,2087155069
MobileNet1.3-v2,"(331, 331, 3)",8.63135669,2133093325
MobileNet1.3-v2,"(448, 448, 3)",14.05060007,4077261181
MobileNet1.3-v2,"(480, 480, 3)",15.45677115,4678439069
MobileNet1.3-v2,"(568, 568, 3)",21.14280936,6342513469
MobileNet1.3-v2,"(600, 600, 3)",22.85186267,7087538397
MobileNet1.3-v2,"(800, 800, 3)",38.77413277,12970547869
MobileNet1.3-v2,"(896, 896, 3)",48.849219,16266661117
MobileNet1.3-v2,"(1024, 1024, 3)",61.77536569,21241926397
MobileNet1.3-v2,"(1200, 1200, 3)",85.55070593,28964125421
MobileNet1.3-v2,"(1600, 1600, 3)",151.01748273,51839807869
MobileNet1.3-v2,"(1792, 1792, 3)",192.23073929,65024260861
MobileNet1.4-v2,"(32, 32, 3)",2.51538488,39527597
MobileNet1.4-v2,"(56, 56, 3)",2.66978509,68871429
MobileNet1.4-v2,"(64, 64, 3)",2.75777742,110621357
MobileNet1.4-v2,"(75, 75, 3)",2.80658366,121440141
MobileNet1.4-v2,"(112, 112, 3)",3.41770275,285733861
MobileNet1.4-v2,"(128, 128, 3)",3.58545884,394996397
MobileNet1.4-v2,"(150, 150, 3)",3.94141195,478437765
MobileNet1.4-v2,"(224, 224, 3)",5.86140097,1177027757
MobileNet1.4-v2,"(240, 240, 3)",6.26320518,1303340389
MobileNet1.4-v2,"(256, 256, 3)",6.71468104,1532496557
MobileNet1.4-v2,"(299, 299, 3)",8.17642059,1981609613
MobileNet1.4-v2,"(320, 320, 3)",9.24000232,2385621677
MobileNet1.4-v2,"(331, 331, 3)",9.34078544,2436931469
MobileNet1.4-v2,"(448, 448, 3)",15.34807102,4660621997
MobileNet1.4-v2,"(480, 480, 3)",16.81799553,5347861677
MobileNet1.4-v2,"(568, 568, 3)",22.85634769,7247125253
MobileNet1.4-v2,"(600, 600, 3)",24.88272921,8098630757
MobileNet1.4-v2,"(800, 800, 3)",42.66768842,14827029677
MobileNet1.4-v2,"(896, 896, 3)",53.45853507,18594998957
MobileNet1.4-v2,"(1024, 1024, 3)",68.21976081,24282499757
MobileNet1.4-v2,"(1200, 1200, 3)",93.22610035,33107267749
MobileNet1.4-v2,"(1600, 1600, 3)",163.86479244,59260629677
MobileNet-small0.75-v3,"(32, 32, 3)",1.87800098,18104366
MobileNet-small0.75-v3,"(56, 56, 3)",2.06863748,23430746
MobileNet-small0.75-v3,"(64, 64, 3)",2.13535165,24171086
MobileNet-small0.75-v3,"(75, 75, 3)",2.16712158,29892716
MobileNet-small0.75-v3,"(112, 112, 3)",2.23327751,42896576
MobileNet-small0.75-v3,"(128, 128, 3)",2.23599088,48437966
MobileNet-small0.75-v3,"(150, 150, 3)",2.26679538,64493386
MobileNet-small0.75-v3,"(224, 224, 3)",2.86229497,115171886
MobileNet-small0.75-v3,"(240, 240, 3)",3.03690178,134053280
MobileNet-small0.75-v3,"(256, 256, 3)",3.11754491,145505486
MobileNet-small0.75-v3,"(299, 299, 3)",3.47019904,202636756
MobileNet-small0.75-v3,"(320, 320, 3)",3.86442777,218306126
MobileNet-small0.75-v3,"(331, 331, 3)",3.91161065,243492396
MobileNet-small0.75-v3,"(448, 448, 3)",5.67790732,412441166
MobileNet-small0.75-v3,"(480, 480, 3)",6.19162162,471086126
MobileNet-small0.75-v3,"(568, 568, 3)",7.83922347,664229978
MobileNet-small0.75-v3,"(600, 600, 3)",8.43299531,738658010
MobileNet-small0.75-v3,"(800, 800, 3)",13.11319183,1279982126
MobileNet-small0.75-v3,"(896, 896, 3)",15.99995761,1601518286
MobileNet-small0.75-v3,"(1024, 1024, 3)",20.07261755,2086855886
MobileNet-small0.75-v3,"(1200, 1200, 3)",26.8387087,2880413360
MobileNet-small0.75-v3,"(1600, 1600, 3)",46.70468292,5071682126
MobileNet-small0.75-v3,"(1792, 1792, 3)",57.87175262,6357826766
MobileNet-small0.75-v3,"(2400, 2400, 3)",102.47454485,11391182126
MobileNet-small1.0-v3,"(32, 32, 3)",1.91344344,18728084
MobileNet-small1.0-v3,"(56, 56, 3)",2.07327084,25227188
MobileNet-small1.0-v3,"(64, 64, 3)",2.11684976,26072468
MobileNet-small1.0-v3,"(75, 75, 3)",2.13571743,33143636
MobileNet-small1.0-v3,"(112, 112, 3)",2.1795139,48882764
MobileNet-small1.0-v3,"(128, 128, 3)",2.30585042,55450004
MobileNet-small1.0-v3,"(150, 150, 3)",2.35740548,75065572
MobileNet-small1.0-v3,"(224, 224, 3)",2.95597322,136238228
MobileNet-small1.0-v3,"(240, 240, 3)",3.11348052,159387852
MobileNet-small1.0-v3,"(256, 256, 3)",3.40115019,172960148
MobileNet-small1.0-v3,"(299, 299, 3)",3.62825795,242649268
MobileNet-small1.0-v3,"(320, 320, 3)",3.97419835,261092756
MobileNet-small1.0-v3,"(331, 331, 3)",4.03152928,292163668
MobileNet-small1.0-v3,"(448, 448, 3)",5.80358407,496113044
MobileNet-small1.0-v3,"(480, 480, 3)",6.27567054,567108756
MobileNet-small1.0-v3,"(568, 568, 3)",7.99987723,801415092
MobileNet-small1.0-v3,"(600, 600, 3)",8.63872583,891545012
MobileNet-small1.0-v3,"(800, 800, 3)",13.32836565,1546359956
MobileNet-small1.0-v3,"(896, 896, 3)",16.20856302,1935612308
MobileNet-small1.0-v3,"(1024, 1024, 3)",20.41161417,2523163028
MobileNet-small1.0-v3,"(1200, 1200, 3)",27.24343291,3485266572
MobileNet-small1.0-v3,"(1600, 1600, 3)",47.24256416,6136599956
MobileNet-small1.0-v3,"(1792, 1792, 3)",58.73770315,7693609364
MobileNet-small1.0-v3,"(2400, 2400, 3)",104.46686736,13786999956
MobileNet-small1.5-v3,"(32, 32, 3)",1.96750853,19972256
MobileNet-small1.5-v3,"(56, 56, 3)",2.00993764,28808096
MobileNet-small1.5-v3,"(64, 64, 3)",2.17750687,29862176
MobileNet-small1.5-v3,"(75, 75, 3)",2.18962409,39623492
MobileNet-small1.5-v3,"(112, 112, 3)",2.29935261,60812996
MobileNet-small1.5-v3,"(128, 128, 3)",2.31571286,69421856
MobileNet-small1.5-v3,"(150, 150, 3)",2.46283422,96131152
MobileNet-small1.5-v3,"(224, 224, 3)",3.06922698,178210976
MobileNet-small1.5-v3,"(240, 240, 3)",3.21624069,209868932
MobileNet-small1.5-v3,"(256, 256, 3)",3.34513436,227660576
MobileNet-small1.5-v3,"(299, 299, 3)",3.75874115,322374100
MobileNet-small1.5-v3,"(320, 320, 3)",4.05726945,346339616
MobileNet-small1.5-v3,"(331, 331, 3)",4.1422032,389140164
MobileNet-small1.5-v3,"(448, 448, 3)",5.9834,662817056
MobileNet-small1.5-v3,"(480, 480, 3)",6.46559645,758419616
MobileNet-small1.5-v3,"(568, 568, 3)",8.22310901,1074738080
MobileNet-small1.5-v3,"(600, 600, 3)",8.80163316,1196151584
MobileNet-small1.5-v3,"(800, 800, 3)",13.68853712,2077075616
MobileNet-small1.5-v3,"(896, 896, 3)",16.89619617,2601241376
MobileNet-small1.5-v3,"(1024, 1024, 3)",21.01807153,3392434976
MobileNet-small1.5-v3,"(1200, 1200, 3)",28.36974171,4690361252
MobileNet-small1.5-v3,"(1600, 1600, 3)",49.15899764,8258275616
MobileNet-small1.5-v3,"(1792, 1792, 3)",61.20677555,10354938656
MobileNet-small1.5-v3,"(2400, 2400, 3)",108.59589509,18560275616
MobileNet-large1.0-v3,"(32, 32, 3)",2.9044633,46114838
MobileNet-large1.0-v3,"(56, 56, 3)",3.01588001,69944774
MobileNet-large1.0-v3,"(64, 64, 3)",3.09364128,73198454
MobileNet-large1.0-v3,"(75, 75, 3)",3.14137115,97439958
MobileNet-large1.0-v3,"(112, 112, 3)",3.59948048,154838918
MobileNet-large1.0-v3,"(128, 128, 3)",3.66771077,181532918
MobileNet-large1.0-v3,"(150, 150, 3)",4.00884619,253657382
MobileNet-large1.0-v3,"(224, 224, 3)",5.32235729,479452694
MobileNet-large1.0-v3,"(240, 240, 3)",5.5935114,559703174
MobileNet-large1.0-v3,"(256, 256, 3)",5.87152475,614870774
MobileNet-large1.0-v3,"(299, 299, 3)",6.99665007,865350262
MobileNet-large1.0-v3,"(320, 320, 3)",7.76657075,939874166
MobileNet-large1.0-v3,"(331, 331, 3)",7.8579374,1047274710
MobileNet-large1.0-v3,"(448, 448, 3)",11.94493717,1806549878
MobileNet-large1.0-v3,"(480, 480, 3)",12.98400108,2068358166
MobileNet-large1.0-v3,"(568, 568, 3)",17.06811211,2931099078
MobileNet-large1.0-v3,"(600, 600, 3)",18.59688367,3263395046
MobileNet-large1.0-v3,"(800, 800, 3)",30.47361476,5679506966
MobileNet-large1.0-v3,"(896, 896, 3)",37.69876571,7114938614
MobileNet-large1.0-v3,"(1024, 1024, 3)",48.17754377,9281627894
MobileNet-large1.0-v3,"(1200, 1200, 3)",65.21496072,12804614534
MobileNet-large1.0-v3,"(1600, 1600, 3)",115.07779322,22606766966
MobileNet-large1.0-v3,"(1792, 1792, 3)",145.22662932,28348493558
MobileNet-large1.0-v3,"(2400, 2400, 3)",254.71532926,50818866966
ResNet-20,"(32, 32, 3)",0.67968651,83003047
ResNet-20,"(56, 56, 3)",0.94401261,251946151
ResNet-20,"(64, 64, 3)",1.02942848,328758439
ResNet-20,"(75, 75, 3)",1.44257349,458815527
ResNet-20,"(112, 112, 3)",2.13375739,1004564135
ResNet-20,"(128, 128, 3)",2.15178202,1311780007
ResNet-20,"(150, 150, 3)",2.99270836,1816497639
ResNet-20,"(224, 224, 3)",5.74635517,4015089319
ResNet-20,"(240, 240, 3)",6.55099196,4608949927
ResNet-20,"(256, 256, 3)",7.01332477,5243866279
ResNet-20,"(299, 299, 3)",9.68580399,7183729191
ResNet-20,"(320, 320, 3)",10.84746749,8192930983
ResNet-20,"(331, 331, 3)",11.52532125,8799778855
ResNet-20,"(448, 448, 3)",20.17010671,16057103527
ResNet-20,"(480, 480, 3)",23.37793118,18432738983
ResNet-20,"(568, 568, 3)",32.46089346,25810347175
ResNet-20,"(600, 600, 3)",36.28453731,28800361127
ResNet-20,"(800, 800, 3)",64.04144484,51200124583
ResNet-20,"(896, 896, 3)",79.37427587,64225160359
ResNet-20,"(1024, 1024, 3)",103.52824701,83885591719
ResNet-20,"(1200, 1200, 3)",162.02710149,115198676647
ResNet-20,"(1600, 1600, 3)",299.16843779,204797244583
ResNet-20,"(1792, 1792, 3)",381.24704586,256897387687
ResNet-20,"(2400, 2400, 3)",702.46977732,460792444583
ResNet-32,"(32, 32, 3)",1.05676421,140574603
ResNet-32,"(56, 56, 3)",1.2629055,426657675
ResNet-32,"(64, 64, 3)",1.30389801,556715403
ResNet-32,"(75, 75, 3)",1.80386316,777154283
ResNet-32,"(112, 112, 3)",2.88597501,1701080971
ResNet-32,"(128, 128, 3)",3.33754057,2221278603
ResNet-32,"(150, 150, 3)",4.72937855,3076361483
ResNet-32,"(224, 224, 3)",8.95332488,6798827403
ResNet-32,"(240, 240, 3)",10.2068606,7804452747
ResNet-32,"(256, 256, 3)",11.23279221,8879531403
ResNet-32,"(299, 299, 3)",15.43904824,12165167339
ResNet-32,"(320, 320, 3)",17.2132561,13873221003
ResNet-32,"(331, 331, 3)",18.644348,14901735147
ResNet-32,"(448, 448, 3)",32.40193578,27189726603
ResNet-32,"(480, 480, 3)",37.53583685,31212421003
ResNet-32,"(568, 568, 3)",52.37166319,43705141131
ResNet-32,"(600, 600, 3)",58.57495612,48768177547
ResNet-32,"(800, 800, 3)",103.24846717,86697861003
ResNet-32,"(896, 896, 3)",128.23839914,108753323403
ResNet-32,"(1024, 1024, 3)",167.44040723,142044587403
ResNet-32,"(1200, 1200, 3)",262.72300523,195067613067
ResNet-32,"(1600, 1600, 3)",489.0778715,346785861003
ResNet-32,"(1792, 1792, 3)",623.80380124,435007710603
ResNet-32,"(2400, 2400, 3)",1149.29194288,780265861003
ResNet-44,"(32, 32, 3)",1.38821632,198146159
ResNet-44,"(56, 56, 3)",1.98237804,601369199
ResNet-44,"(64, 64, 3)",2.09144911,784672367
ResNet-44,"(75, 75, 3)",2.4502992,1095493039
ResNet-44,"(112, 112, 3)",3.91489324,2397597807
ResNet-44,"(128, 128, 3)",4.61867953,3130777199
ResNet-44,"(150, 150, 3)",6.46396911,4336225327
ResNet-44,"(224, 224, 3)",12.24111238,9582565487
ResNet-44,"(240, 240, 3)",13.99815498,10999955567
ResNet-44,"(256, 256, 3)",15.31478796,12515196527
ResNet-44,"(299, 299, 3)",21.18789039,17146605487
ResNet-44,"(320, 320, 3)",23.58693167,19553511023
ResNet-44,"(331, 331, 3)",25.80087238,21003691439
ResNet-44,"(448, 448, 3)",44.53218581,38322349679
ResNet-44,"(480, 480, 3)",51.76299453,43992103023
ResNet-44,"(568, 568, 3)",72.14444079,61599935087
ResNet-44,"(600, 600, 3)",80.73992146,68735993967
ResNet-44,"(800, 800, 3)",142.52865434,122195597423
ResNet-44,"(896, 896, 3)",176.57096217,153281486447
ResNet-44,"(1024, 1024, 3)",231.78835242,200203583087
ResNet-44,"(1200, 1200, 3)",363.42615917,274936549487
ResNet-44,"(1600, 1600, 3)",674.05167165,488774477423
ResNet-44,"(1792, 1792, 3)",861.15456491,613118033519
ResNet-44,"(2400, 2400, 3)",1591.14056082,1099739277423
ResNet-56,"(32, 32, 3)",1.78947982,255717715
ResNet-56,"(56, 56, 3)",2.08873451,776080723
ResNet-56,"(64, 64, 3)",2.27994804,1012629331
ResNet-56,"(75, 75, 3)",3.30122737,1413831795
ResNet-56,"(112, 112, 3)",5.01444775,3094114643
ResNet-56,"(128, 128, 3)",5.81060609,4040275795
ResNet-56,"(150, 150, 3)",8.23146239,5596089171
ResNet-56,"(224, 224, 3)",15.64672658,12366303571
ResNet-56,"(240, 240, 3)",17.86384528,14195458387
ResNet-56,"(256, 256, 3)",19.43169422,16150861651
ResNet-56,"(299, 299, 3)",27.10855908,22128043635
ResNet-56,"(320, 320, 3)",29.90390917,25233801043
ResNet-56,"(331, 331, 3)",32.97227619,27105647731
ResNet-56,"(448, 448, 3)",56.67244335,49454972755
ResNet-56,"(480, 480, 3)",65.87154249,56771785043
ResNet-56,"(568, 568, 3)",91.97727614,79494729043
ResNet-56,"(600, 600, 3)",103.1605812,88703810387
ResNet-56,"(800, 800, 3)",181.66024981,157693333843
ResNet-56,"(896, 896, 3)",225.40991963,197809649491
ResNet-56,"(1024, 1024, 3)",294.80752988,258362578771
ResNet-56,"(1200, 1200, 3)",463.60163922,354805485907
ResNet-56,"(1600, 1600, 3)",860.98071924,630763093843
ResNet-56,"(1792, 1792, 3)",1097.01439279,791228356435
ResNet-56,"(2400, 2400, 3)",2034.08274436,1419212693843
ResNet-110,"(32, 32, 3)",3.12776852,514789717
ResNet-110,"(56, 56, 3)",5.10784924,1562282581
ResNet-110,"(64, 64, 3)",5.62291251,2038435669
ResNet-110,"(75, 75, 3)",7.30066195,2846356197
ResNet-110,"(112, 112, 3)",9.63538451,6228440405
ResNet-110,"(128, 128, 3)",11.16176847,8133019477
ResNet-110,"(150, 150, 3)",16.07366105,11265476469
ResNet-110,"(224, 224, 3)",30.3929079,24893124949
ResNet-110,"(240, 240, 3)",34.80475216,28575221077
ResNet-110,"(256, 256, 3)",37.90724533,32511354709
ResNet-110,"(299, 299, 3)",53.3136302,44544515301
ResNet-110,"(320, 320, 3)",58.64761011,50795106133
ResNet-110,"(331, 331, 3)",65.0705972,54564451045
ResNet-110,"(448, 448, 3)",111.47349801,99551776597
ResNet-110,"(480, 480, 3)",129.77273203,114280354133
ResNet-110,"(568, 568, 3)",181.15971878,160021301845
ResNet-110,"(600, 600, 3)",203.39952269,178558984277
ResNet-110,"(800, 800, 3)",358.05949372,317433147733
ResNet-110,"(896, 896, 3)",444.92549422,398186383189
ResNet-110,"(1024, 1024, 3)",578.46393289,520078059349
ResNet-110,"(1200, 1200, 3)",913.21223162,714215699797
ResNet-110,"(1600, 1600, 3)",1698.29864269,1269711867733
ResNet-110,"(1792, 1792, 3)",2173.46306234,1592724809557
ResNet-110,"(2400, 2400, 3)",4033.35183753,2856843067733
ResNet-164,"(32, 32, 3)",4.94692879,773861719
ResNet-164,"(56, 56, 3)",6.25952057,2348484439
ResNet-164,"(64, 64, 3)",7.13658709,3064242007
ResNet-164,"(75, 75, 3)",8.84780313,4278880599
ResNet-164,"(112, 112, 3)",14.16886498,9362766167
ResNet-164,"(128, 128, 3)",16.69697706,12225763159
ResNet-164,"(150, 150, 3)",24.18283516,16934863767
ResNet-164,"(224, 224, 3)",45.28772654,37419946327
ResNet-164,"(240, 240, 3)",51.64159482,42954983767
ResNet-164,"(256, 256, 3)",56.54399766,48871847767
ResNet-164,"(299, 299, 3)",79.53621398,66960986967
ResNet-164,"(320, 320, 3)",87.36266965,76356411223
ResNet-164,"(331, 331, 3)",96.85560613,82023254359
ResNet-164,"(448, 448, 3)",166.10101622,149648580439
ResNet-164,"(480, 480, 3)",193.10449032,171788923223
ResNet-164,"(568, 568, 3)",269.59037774,240547874647
ResNet-164,"(600, 600, 3)",302.48249813,268414158167
ResNet-164,"(800, 800, 3)",534.64014554,477172961623
ResNet-164,"(896, 896, 3)",662.20132207,598563116887
ResNet-164,"(1024, 1024, 3)",865.55203677,781793539927
ResNet-164,"(1200, 1200, 3)",1376.30790384,1073625913687
ResNet-164,"(1600, 1600, 3)",2540.29811526,1908660641623
ResNet-164,"(1792, 1792, 3)",3248.31356074,2394221262679
ResNet-164,"(2400, 2400, 3)",6020.28866012,4294473441623
ResNet-200,"(32, 32, 3)",6.46580641,946576387
ResNet-200,"(56, 56, 3)",7.93909278,2872619011
ResNet-200,"(64, 64, 3)",8.42218342,3748112899
ResNet-200,"(75, 75, 3)",10.81596749,5233896867
ResNet-200,"(112, 112, 3)",18.00116903,11452316675
ResNet-200,"(128, 128, 3)",20.36572595,14954258947
ResNet-200,"(150, 150, 3)",29.10124099,20714455299
ResNet-200,"(224, 224, 3)",55.23591411,45771160579
ResNet-200,"(240, 240, 3)",63.21335519,52541492227
ResNet-200,"(256, 256, 3)",68.64703442,59778843139
ResNet-200,"(299, 299, 3)",97.00021072,81905301411
ResNet-200,"(320, 320, 3)",106.65419484,93397281283
ResNet-200,"(331, 331, 3)",119.25439268,100329123235
ResNet-200,"(448, 448, 3)",202.63936004,183046449667
ResNet-200,"(480, 480, 3)",235.85014829,210127969283
ResNet-200,"(568, 568, 3)",329.02213412,294232256515
ResNet-200,"(600, 600, 3)",369.81064714,328317607427
ResNet-200,"(800, 800, 3)",651.80276032,583666170883
ResNet-200,"(896, 896, 3)",807.61338012,732147606019
ResNet-200,"(1024, 1024, 3)",1054.18440777,956270526979
ResNet-200,"(1200, 1200, 3)",1662.42478288,1313232722947
ResNet-200,"(1600, 1600, 3)",3098.45822003,2334626490883
ResNet-200,"(1792, 1792, 3)",3966.68367653,2928552231427
ResNet-200,"(2400, 2400, 3)",7350.20415338,5252893690883
ResNet-20V2,"(32, 32, 3)",0.8106259,135519560
ResNet-20V2,"(56, 56, 3)",1.27988616,410316104
ResNet-20V2,"(64, 64, 3)",1.48648119,535303496
ResNet-20V2,"(75, 75, 3)",2.00687453,750994872
ResNet-20V2,"(112, 112, 3)",3.13343316,1634622792
ResNet-20V2,"(128, 128, 3)",3.47017433,2134439240
ResNet-20V2,"(150, 150, 3)",5.0480253,2963670664
ResNet-20V2,"(224, 224, 3)",9.64457412,6532062536
ResNet-20V2,"(240, 240, 3)",10.8855135,7498014024
ResNet-20V2,"(256, 256, 3)",11.70978055,8530982216
ResNet-20V2,"(299, 299, 3)",16.19303473,11703003576
ResNet-20V2,"(320, 320, 3)",18.06771893,13328389448
ResNet-20V2,"(331, 331, 3)",19.91138275,14333666744
ResNet-20V2,"(448, 448, 3)",34.98125705,26121475400
ResNet-20V2,"(480, 480, 3)",40.32521908,29986053448
ResNet-20V2,"(568, 568, 3)",56.42458185,41987206472
ResNet-20V2,"(600, 600, 3)",63.11907075,46851204424
ResNet-20V2,"(800, 800, 3)",111.60989612,83290578248
ResNet-20V2,"(896, 896, 3)",140.31687699,104479126856
ResNet-20V2,"(1024, 1024, 3)",184.36257083,136461841736
ResNet-20V2,"(1200, 1200, 3)",260.07641593,187399986504
ResNet-38V2,"(32, 32, 3)",1.58858511,265193278
ResNet-38V2,"(56, 56, 3)",2.45173202,802959166
ResNet-38V2,"(64, 64, 3)",2.88205991,1047478078
ResNet-38V2,"(75, 75, 3)",3.6387556,1469672686
ResNet-38V2,"(112, 112, 3)",5.97364677,3198674750
ResNet-38V2,"(128, 128, 3)",6.69661408,4176617278
ResNet-38V2,"(150, 150, 3)",9.65905243,5799583870
ResNet-38V2,"(224, 224, 3)",18.23686655,12781750078
ResNet-38V2,"(240, 240, 3)",20.62368372,14672078654
ResNet-38V2,"(256, 256, 3)",22.52431577,16693174078
ResNet-38V2,"(299, 299, 3)",31.20206712,22900637934
ResNet-38V2,"(320, 320, 3)",34.81458083,26080591678
ResNet-38V2,"(331, 331, 3)",38.27161839,28048297198
ResNet-38V2,"(448, 448, 3)",67.24174976,51113705278
ResNet-38V2,"(480, 480, 3)",78.01298548,58675791678
ResNet-38V2,"(568, 568, 3)",108.70709074,82159939390
ResNet-38V2,"(600, 600, 3)",121.75807944,91677697854
ResNet-38V2,"(800, 800, 3)",215.7360342,162980431678
ResNet-38V2,"(896, 896, 3)",271.56622933,204441526078
ResNet-38V2,"(1024, 1024, 3)",355.85434822,267024310078
ResNet-38V2,"(1200, 1200, 3)",502.32156954,366699439934
ResNet-56V2,"(32, 32, 3)",2.55214474,394866996
ResNet-56V2,"(56, 56, 3)",3.46884022,1195602228
ResNet-56V2,"(64, 64, 3)",4.24590684,1559652660
ResNet-56V2,"(75, 75, 3)",5.40296907,2188350500
ResNet-56V2,"(112, 112, 3)",8.67509933,4762726708
ResNet-56V2,"(128, 128, 3)",9.80047607,6218795316
ResNet-56V2,"(150, 150, 3)",14.04511653,8635497076
ResNet-56V2,"(224, 224, 3)",27.01130359,19031437620
ResNet-56V2,"(240, 240, 3)",30.41953717,21846143284
ResNet-56V2,"(256, 256, 3)",33.33842787,24855365940
ResNet-56V2,"(299, 299, 3)",46.28921885,34098272292
ResNet-56V2,"(320, 320, 3)",51.75316144,38832793908
ResNet-56V2,"(331, 331, 3)",56.73633278,41762927652
ResNet-56V2,"(448, 448, 3)",99.72775314,76105935156
ResNet-56V2,"(480, 480, 3)",115.15483937,87365529908
ResNet-56V2,"(568, 568, 3)",160.70389829,122332672308
ResNet-56V2,"(600, 600, 3)",180.23634299,136504191284
ResNet-56V2,"(800, 800, 3)",320.02665413,242670285108
ResNet-56V2,"(896, 896, 3)",401.13864793,304403925300
ResNet-56V2,"(1024, 1024, 3)",527.53867069,397586778420
ResNet-56V2,"(1200, 1200, 3)",743.98449179,545998893364
ResNet-110V2,"(32, 32, 3)",4.71544167,783888150
ResNet-110V2,"(56, 56, 3)",6.90719721,2373531414
ResNet-110V2,"(64, 64, 3)",7.58256574,3096176406
ResNet-110V2,"(75, 75, 3)",10.34735834,4344383942
ResNet-110V2,"(112, 112, 3)",16.6898986,9454882582
ResNet-110V2,"(128, 128, 3)",19.69254144,12345329430
ResNet-110V2,"(150, 150, 3)",27.59290906,17143236694
ResNet-110V2,"(224, 224, 3)",52.58773269,37780500246
ResNet-110V2,"(240, 240, 3)",60.11083172,43368337174
ResNet-110V2,"(256, 256, 3)",65.84158076,49341941526
ResNet-110V2,"(299, 299, 3)",91.27181037,67691175366
ResNet-110V2,"(320, 320, 3)",101.61469365,77089400598
ResNet-110V2,"(331, 331, 3)",112.35249427,82906819014
ResNet-110V2,"(448, 448, 3)",196.58925701,151082624790
ResNet-110V2,"(480, 480, 3)",227.45210037,173434744598
ResNet-110V2,"(568, 568, 3)",318.12564619,242850871062
ResNet-110V2,"(600, 600, 3)",355.17959958,270983671574
ResNet-110V2,"(800, 800, 3)",631.23696236,481739845398
ResNet-110V2,"(896, 896, 3)",792.21732053,604291122966
ResNet-110V2,"(1024, 1024, 3)",1042.27469938,789274183446
ResNet-110V2,"(1200, 1200, 3)",1470.56438356,1083897253654
ResNet-164V2,"(32, 32, 3)",6.81892486,1172909304
ResNet-164V2,"(56, 56, 3)",10.61048581,3551460600
ResNet-164V2,"(64, 64, 3)",11.71267296,4632700152
ResNet-164V2,"(75, 75, 3)",15.31222708,6500417384
ResNet-164V2,"(112, 112, 3)",24.95781095,14147038456
ResNet-164V2,"(128, 128, 3)",28.98141098,18471863544
ResNet-164V2,"(150, 150, 3)",42.47675143,25650976312
ResNet-164V2,"(224, 224, 3)",79.62243326,56529562872
ResNet-164V2,"(240, 240, 3)",89.8240841,64890531064
ResNet-164V2,"(256, 256, 3)",98.61231265,73828517112
ResNet-164V2,"(299, 299, 3)",136.485942,101284078440
ResNet-164V2,"(320, 320, 3)",151.95418075,115346007288
ResNet-164V2,"(331, 331, 3)",167.38542445,124050710376
ResNet-164V2,"(448, 448, 3)",293.94401589,226059314424
ResNet-164V2,"(480, 480, 3)",341.08290785,259503959288
ResNet-164V2,"(568, 568, 3)",474.30821987,363369069816
ResNet-164V2,"(600, 600, 3)",531.55095128,405463151864
ResNet-164V2,"(800, 800, 3)",944.52355175,720809405688
ResNet-164V2,"(896, 896, 3)",1184.60554744,904178320632
ResNet-164V2,"(1024, 1024, 3)",1553.37799034,1180961588472
ResNet-164V2,"(1200, 1200, 3)",2201.26814078,1621795613944
ResNet-18,"(32, 32, 3)",8.35315309,99015867
ResNet-18,"(56, 56, 3)",8.41795116,284338875
ResNet-18,"(64, 64, 3)",8.45693414,322815675
ResNet-18,"(75, 75, 3)",8.54578463,522023291
ResNet-18,"(112, 112, 3)",8.76072135,1001185467
ResNet-18,"(128, 128, 3)",8.86519777,1218014907
ResNet-18,"(150, 150, 3)",9.56908387,1786533435
ResNet-18,"(224, 224, 3)",10.35592949,3679812795
ResNet-18,"(240, 240, 3)",10.40290317,4350697659
ResNet-18,"(256, 256, 3)",10.62608673,4798811835
ResNet-18,"(299, 299, 3)",12.94260912,6863413115
ResNet-18,"(320, 320, 3)",13.22695749,7484409531
ResNet-18,"(331, 331, 3)",14.25049358,8366125435
ResNet-18,"(448, 448, 3)",17.88698343,14646003387
ResNet-18,"(480, 480, 3)",18.91740421,16809401531
ResNet-18,"(568, 568, 3)",25.38758652,23827983035
ResNet-18,"(600, 600, 3)",26.66025431,26567659707
ResNet-18,"(800, 800, 3)",41.84924021,46649375931
ResNet-18,"(896, 896, 3)",47.3030336,58510765755
ResNet-18,"(1024, 1024, 3)",56.85960398,76414750395
ResNet-18,"(1200, 1200, 3)",80.62102572,105563973819
ResNet-18,"(1600, 1600, 3)",137.23090544,186524255931
ResNet-18,"(1792, 1792, 3)",161.86891533,233969815227
ResNet-18,"(2400, 2400, 3)",295.60423683,419649055931
ResNet-34,"(32, 32, 3)",15.52763813,194746219
ResNet-34,"(56, 56, 3)",15.69856441,580050283
ResNet-34,"(64, 64, 3)",15.72858167,645076843
ResNet-34,"(75, 75, 3)",15.76969274,1034382955
ResNet-34,"(112, 112, 3)",15.98070658,1981797739
ResNet-34,"(128, 128, 3)",16.13171686,2446399339
ResNet-34,"(150, 150, 3)",17.78531194,3625480939
ResNet-34,"(224, 224, 3)",18.69783514,7400036203
ResNet-34,"(240, 240, 3)",18.94557651,8691512683
ResNet-34,"(256, 256, 3)",19.27727725,9651689323
ResNet-34,"(299, 299, 3)",24.72933521,13768177259
ResNet-34,"(320, 320, 3)",25.04817566,15055656811
ResNet-34,"(331, 331, 3)",25.99244078,16788172395
ResNet-34,"(448, 448, 3)",32.50802432,29466236779
ResNet-34,"(480, 480, 3)",34.22385529,33819432811
ResNet-34,"(568, 568, 3)",46.79435074,48060423531
ResNet-34,"(600, 600, 3)",48.92616541,53579820395
ResNet-34,"(800, 800, 3)",76.92258074,93863516011
ResNet-34,"(896, 896, 3)",83.97650536,117731039083
ResNet-34,"(1024, 1024, 3)",99.4052049,153757489003
ResNet-34,"(1200, 1200, 3)",143.07684343,212126786923
ResNet-34,"(1600, 1600, 3)",244.45558043,375320156011
ResNet-34,"(1792, 1792, 3)",282.61254144,470790248299
ResNet-34,"(2400, 2400, 3)",521.72651409,844414556011
ResNet-50,"(32, 32, 3)",13.20373713,212993051
ResNet-50,"(56, 56, 3)",13.48570688,619537691
ResNet-50,"(64, 64, 3)",13.78013958,686250011
ResNet-50,"(75, 75, 3)",13.7837984,1103762395
ResNet-50,"(112, 112, 3)",14.51502503,2099846171
ResNet-50,"(128, 128, 3)",14.78375502,2579277851
ResNet-50,"(150, 150, 3)",16.31031963,3822745819
ResNet-50,"(224, 224, 3)",19.60136469,7785104411
ResNet-50,"(240, 240, 3)",20.07098161,9160563739
ResNet-50,"(256, 256, 3)",20.668949,10151389211
ResNet-50,"(299, 299, 3)",25.94967503,14507807707
ResNet-50,"(320, 320, 3)",27.45283053,15830472731
ResNet-50,"(331, 331, 3)",28.27614636,17684689883
ResNet-50,"(448, 448, 3)",39.66961152,30974695451
ResNet-50,"(480, 480, 3)",42.58091792,35549512731
ResNet-50,"(568, 568, 3)",59.76296528,50531001627
ResNet-50,"(600, 600, 3)",62.74298853,56332257563
ResNet-50,"(800, 800, 3)",102.57539374,98650440731
ResNet-50,"(896, 896, 3)",121.51952763,123733059611
ResNet-50,"(1024, 1024, 3)",147.54555872,161593616411
ResNet-50,"(1200, 1200, 3)",208.5950215,223023311899
ResNet-50,"(1600, 1600, 3)",362.0362309,394436040731
ResNet-50,"(1792, 1792, 3)",442.06650276,494766516251
ResNet-50,"(2400, 2400, 3)",791.70510559,887412040731
ResNet-101,"(32, 32, 3)",23.85676059,402696937
ResNet-101,"(56, 56, 3)",23.93337326,1264321513
ResNet-101,"(64, 64, 3)",24.0292433,1331033833
ResNet-101,"(75, 75, 3)",24.70435057,2089856169
ResNet-101,"(112, 112, 3)",25.47219689,3996099817
ResNet-101,"(128, 128, 3)",25.86907253,5044381417
ResNet-101,"(150, 150, 3)",28.87985335,7653089193
ResNet-101,"(224, 224, 3)",34.92869465,15256087273
ResNet-101,"(240, 240, 3)",36.060243,17731323113
ResNet-101,"(256, 256, 3)",36.40329585,19897771753
ResNet-101,"(299, 299, 3)",48.15779372,28236139689
ResNet-101,"(320, 320, 3)",50.92894815,31037814505
ResNet-101,"(331, 331, 3)",52.10688945,34446888105
ResNet-101,"(448, 448, 3)",71.64001214,60744595177
ResNet-101,"(480, 480, 3)",76.21065395,69718518505
ResNet-101,"(568, 568, 3)",110.29358914,99717645289
ResNet-101,"(600, 600, 3)",115.76787775,111131553769
ResNet-101,"(800, 800, 3)",185.76106753,193496771305
ResNet-101,"(896, 896, 3)",217.39233251,242698626793
ResNet-101,"(1024, 1024, 3)",262.00160364,316965578473
ResNet-101,"(1200, 1200, 3)",371.30677409,436380042473
ResNet-101,"(1600, 1600, 3)",646.85035176,773707331305
ResNet-101,"(1792, 1792, 3)",790.57081002,970514753257
ResNet-152,"(32, 32, 3)",33.01760696,585741698
ResNet-152,"(56, 56, 3)",33.60691048,1869068930
ResNet-152,"(64, 64, 3)",34.04484912,1969281410
ResNet-152,"(75, 75, 3)",34.764097,3069505858
ResNet-152,"(112, 112, 3)",34.94286694,5886155138
ResNet-152,"(128, 128, 3)",35.31715579,7503440258
ResNet-152,"(150, 150, 3)",40.6826143,11390656066
ResNet-152,"(224, 224, 3)",48.83860738,22722377090
ResNet-152,"(240, 240, 3)",48.94394629,26297686402
ResNet-152,"(256, 256, 3)",51.62677697,29640075650
ResNet-152,"(299, 299, 3)",68.65104501,41961468226
ResNet-152,"(320, 320, 3)",73.64462634,46242552194
ResNet-152,"(331, 331, 3)",73.87171908,51206902082
ResNet-152,"(448, 448, 3)",103.0344847,90515822978
ResNet-152,"(480, 480, 3)",109.41779424,103890040194
ResNet-152,"(568, 568, 3)",159.38525475,148591491714
ResNet-152,"(600, 600, 3)",167.81045663,165601701506
ResNet-152,"(800, 800, 3)",270.57106458,288362001794
ResNet-152,"(896, 896, 3)",315.89640106,361689606530
ResNet-152,"(1024, 1024, 3)",379.97247572,472372783490
ResNet-152,"(1200, 1200, 3)",538.73374856,649787672962
ResNet-152,"(1600, 1600, 3)",939.1740809,1153074321794
ResNet-152,"(1792, 1792, 3)",1155.20260085,1446384740738
ResNet-50V2,"(32, 32, 3)",13.32101221,197546312
ResNet-50V2,"(56, 56, 3)",13.75673931,569063240
ResNet-50V2,"(64, 64, 3)",13.87507706,624520520
ResNet-50V2,"(75, 75, 3)",14.02508177,1016194952
ResNet-50V2,"(112, 112, 3)",14.46483299,1917228872
ResNet-50V2,"(128, 128, 3)",14.74560786,2332417352
ResNet-50V2,"(150, 150, 3)",16.00520796,3466300168
ResNet-50V2,"(224, 224, 3)",18.82675102,7029133640
ResNet-50V2,"(240, 240, 3)",19.38870777,8305948488
ResNet-50V2,"(256, 256, 3)",19.53168943,9164004680
ResNet-50V2,"(299, 299, 3)",24.55098793,13148278664
ResNet-50V2,"(320, 320, 3)",25.79678364,14287695176
ResNet-50V2,"(331, 331, 3)",26.63375825,16020031368
ResNet-50V2,"(448, 448, 3)",37.21820188,27950869832
ResNet-50V2,"(480, 480, 3)",39.45059777,32078287176
ResNet-50V2,"(568, 568, 3)",54.58054353,45639743304
ResNet-50V2,"(600, 600, 3)",57.75509779,50876181320
ResNet-50V2,"(800, 800, 3)",92.56250531,89008181576
ResNet-50V2,"(896, 896, 3)",110.32490156,111637814600
ResNet-50V2,"(1024, 1024, 3)",133.13552391,145795751240
ResNet-50V2,"(1200, 1200, 3)",187.10071502,201392576328
ResNet-50V2,"(1600, 1600, 3)",325.0533944,355867061576
ResNet-50V2,"(1792, 1792, 3)",396.03333279,446385593672
ResNet-50V2,"(2400, 2400, 3)",707.65077266,800631861576
ResNet-152V2,"(32, 32, 3)",33.53589587,570217082
ResNet-152V2,"(56, 56, 3)",33.80069269,1818298490
ResNet-152V2,"(64, 64, 3)",33.81347768,1907240570
ResNet-152V2,"(75, 75, 3)",34.80483034,2981451962
ResNet-152V2,"(112, 112, 3)",35.7443231,5702584442
ResNet-152V2,"(128, 128, 3)",36.33370717,7255334522
ResNet-152V2,"(150, 150, 3)",40.4973591,11032304698
ResNet-152V2,"(224, 224, 3)",48.43537042,21962592890
ResNet-152V2,"(240, 240, 3)",48.8227853,25438693498
ResNet-152V2,"(256, 256, 3)",49.30807363,28647710330
ResNet-152V2,"(299, 299, 3)",67.55420698,40594915514
ResNet-152V2,"(320, 320, 3)",71.73210718,44691992186
ResNet-152V2,"(331, 331, 3)",72.87259809,49533663418
ResNet-152V2,"(448, 448, 3)",102.03775923,87476743802
ResNet-152V2,"(480, 480, 3)",107.74108572,100401304186
ResNet-152V2,"(568, 568, 3)",155.91898144,143675164794
ResNet-152V2,"(600, 600, 3)",163.75443053,160117685370
ResNet-152V2,"(800, 800, 3)",262.70303328,278671102586
ResNet-152V2,"(896, 896, 3)",306.07604429,349533347450
ResNet-152V2,"(1024, 1024, 3)",368.91978805,456495226490
ResNet-152V2,"(1200, 1200, 3)",525.06654047,628047497338
ResNet-152V2,"(1600, 1600, 3)",908.55206989,1114310782586
ResNet-152V2,"(1792, 1792, 3)",1108.22869053,1397759762042
SEResNet-18,"(32, 32, 3)",8.81533904,99396803
SEResNet-18,"(56, 56, 3)",8.9684651,284788931
SEResNet-18,"(64, 64, 3)",9.02429721,323288771
SEResNet-18,"(75, 75, 3)",9.09852323,522561155
SEResNet-18,"(112, 112, 3)",9.13653054,1001919683
SEResNet-18,"(128, 128, 3)",9.14281802,1218856643
SEResNet-18,"(150, 150, 3)",9.99068512,1787591747
SEResNet-18,"(224, 224, 3)",10.71761839,3681668291
SEResNet-18,"(240, 240, 3)",11.00032083,4352791747
SEResNet-18,"(256, 256, 3)",11.15125974,4801128131
SEResNet-18,"(299, 299, 3)",13.69742873,6866517123
SEResNet-18,"(320, 320, 3)",13.74409759,7487831747
SEResNet-18,"(331, 331, 3)",14.41347024,8369841795
SEResNet-18,"(448, 448, 3)",18.76460426,14652374723
SEResNet-18,"(480, 480, 3)",19.7119475,16816663747
SEResNet-18,"(568, 568, 3)",26.41937376,23838066883
SEResNet-18,"(600, 600, 3)",27.83000628,26578867907
SEResNet-18,"(800, 800, 3)",43.18636718,46668926147
SEResNet-18,"(896, 896, 3)",49.06522994,58535200451
SEResNet-18,"(1024, 1024, 3)",58.40521833,76446557891
SEResNet-18,"(1200, 1200, 3)",82.96354209,105607601347
SEResNet-18,"(1600, 1600, 3)",141.02297742,186601406147
SEResNet-18,"(1792, 1792, 3)",166.39722236,234066503363
SEResNet-18,"(2400, 2400, 3)",303.43313618,419822206147
SEResNet-34,"(32, 32, 3)",16.4364098,195435319
SEResNet-34,"(64, 64, 3)",16.5280566,580869943
SEResNet-34,"(75, 75, 3)",16.55333979,645934903
SEResNet-34,"(56, 56, 3)",16.57631896,1035361207
SEResNet-34,"(112, 112, 3)",16.75262794,1983131959
SEResNet-34,"(128, 128, 3)",16.95300539,2447933239
SEResNet-34,"(150, 150, 3)",18.51811011,3627421879
SEResNet-34,"(224, 224, 3)",19.61779224,7403428663
SEResNet-34,"(240, 240, 3)",19.83740963,8695337271
SEResNet-34,"(256, 256, 3)",20.1563228,9655926583
SEResNet-34,"(299, 299, 3)",25.6496722,13773864887
SEResNet-34,"(320, 320, 3)",25.73958178,15061921591
SEResNet-34,"(331, 331, 3)",26.89356389,16794983351
SEResNet-34,"(448, 448, 3)",33.7033766,29477908279
SEResNet-34,"(480, 480, 3)",35.42912294,33832737591
SEResNet-34,"(568, 568, 3)",48.69161589,48078937911
SEResNet-34,"(600, 600, 3)",50.80056315,53600398135
SEResNet-34,"(800, 800, 3)",79.67717499,93899348791
SEResNet-34,"(896, 896, 3)",87.05928511,117775826743
SEResNet-34,"(1024, 1024, 3)",103.62699228,153815793463
SEResNet-34,"(1200, 1200, 3)",148.16058483,212206735671
SEResNet-34,"(1600, 1600, 3)",252.30119334,375461588791
SEResNet-34,"(1792, 1792, 3)",292.8463746,470967500599
SEResNet-34,"(2400, 2400, 3)",538.74978598,844731988791
SEResNet-50,"(32, 32, 3)",15.53975942,223078176
SEResNet-50,"(56, 56, 3)",15.7814395,629650464
SEResNet-50,"(64, 64, 3)",16.07224141,696362784
SEResNet-50,"(75, 75, 3)",16.29211905,1113903712
SEResNet-50,"(112, 112, 3)",17.05983932,2110038816
SEResNet-50,"(128, 128, 3)",17.17491755,2589501216
SEResNet-50,"(150, 150, 3)",18.77693999,3833061792
SEResNet-50,"(224, 224, 3)",22.41714885,7795631904
SEResNet-50,"(240, 240, 3)",22.77594913,9171165984
SEResNet-50,"(256, 256, 3)",23.36428438,10162054944
SEResNet-50,"(299, 299, 3)",29.73762154,14518744672
SEResNet-50,"(320, 320, 3)",30.95738936,15841470240
SEResNet-50,"(331, 331, 3)",32.09159123,17695814240
SEResNet-50,"(448, 448, 3)",44.98594957,30986577696
SEResNet-50,"(480, 480, 3)",48.06486034,35561662240
SEResNet-50,"(568, 568, 3)",66.25784197,50544063520
SEResNet-50,"(600, 600, 3)",70.35037945,56345660448
SEResNet-50,"(800, 800, 3)",113.2941871,98666276640
SEResNet-50,"(896, 896, 3)",134.55612946,123750360864
SEResNet-50,"(1024, 1024, 3)",164.65454251,161613129504
SEResNet-50,"(1200, 1200, 3)",230.49432019,223046386464
SEResNet-50,"(1600, 1600, 3)",398.42435479,394469156640
SEResNet-50,"(1792, 1792, 3)",487.33669809,494805493536
SEResNet-50,"(2400, 2400, 3)",874.0392264,887473956640
SEResNet-101,"(32, 32, 3)",28.7276364,421748251
SEResNet-101,"(56, 56, 3)",29.15653333,1283504923
SEResNet-101,"(64, 64, 3)",29.36906502,1350217243
SEResNet-101,"(75, 75, 3)",29.75387774,2109146459
SEResNet-101,"(112, 112, 3)",31.05489631,4015650331
SEResNet-101,"(128, 128, 3)",31.49529525,5064093211
SEResNet-101,"(150, 150, 3)",35.13152946,7673206939
SEResNet-101,"(224, 224, 3)",40.61895824,15277252123
SEResNet-101,"(240, 240, 3)",41.27954755,17752815131
SEResNet-101,"(256, 256, 3)",42.84818312,19919597083
SEResNet-101,"(299, 299, 3)",54.73643694,28259150171
SEResNet-101,"(320, 320, 3)",57.24485876,31061224987
SEResNet-101,"(331, 331, 3)",59.11472382,34470782299
SEResNet-101,"(448, 448, 3)",81.26534036,60772232731
SEResNet-101,"(480, 480, 3)",86.70555174,69747432987
SEResNet-101,"(568, 568, 3)",122.66586212,99750918939
SEResNet-101,"(600, 600, 3)",128.74604866,111166456603
SEResNet-101,"(800, 800, 3)",205.50716776,193543298587
SEResNet-101,"(896, 896, 3)",239.8479162,242752155163
SEResNet-101,"(1024, 1024, 3)",289.82601114,317029674523
SEResNet-101,"(1200, 1200, 3)",408.8482858,436461008411
SEResNet-101,"(1600, 1600, 3)",704.65466595,773836418587
SEResNet-101,"(1792, 1792, 3)",862.7517558,970671844891
SEResNet-152,"(32, 32, 3)",39.98563107,612192406
SEResNet-152,"(56, 56, 3)",40.66841424,1895765398
SEResNet-152,"(64, 64, 3)",41.35924048,1995993238
SEResNet-152,"(75, 75, 3)",42.03273532,3096421334
SEResNet-152,"(112, 112, 3)",42.70967402,5913588886
SEResNet-152,"(128, 128, 3)",43.59010394,7531196566
SEResNet-152,"(150, 150, 3)",49.36128538,11419165462
SEResNet-152,"(224, 224, 3)",56.41275779,22753005718
SEResNet-152,"(240, 240, 3)",57.41909755,26328954006
SEResNet-152,"(256, 256, 3)",59.33756205,29672009878
SEResNet-152,"(299, 299, 3)",77.66667588,41995716566
SEResNet-152,"(320, 320, 3)",83.04412626,46277619862
SEResNet-152,"(331, 331, 3)",83.35408702,51242894294
SEResNet-152,"(448, 448, 3)",117.24823662,90559246486
SEResNet-152,"(480, 480, 3)",124.24462851,103935987862
SEResNet-152,"(568, 568, 3)",178.39665046,148645909910
SEResNet-152,"(600, 600, 3)",187.17445643,165659331990
SEResNet-152,"(800, 800, 3)",297.29759103,288442765462
SEResNet-152,"(896, 896, 3)",348.1942186,361784209558
SEResNet-152,"(1024, 1024, 3)",420.47676644,472488276118
SEResNet-152,"(1200, 1200, 3)",592.17850489,649936475286
SEResNet-152,"(1600, 1600, 3)",1029.09977944,1153318285462
SEResNet-152,"(1792, 1792, 3)",1254.77751392,1446684061846
ResNext-50,"(32, 32, 3)",16.41356443,226933201
ResNext-50,"(56, 56, 3)",17.18205538,666861265
ResNext-50,"(64, 64, 3)",17.55514931,745155025
ResNext-50,"(75, 75, 3)",18.46598813,1184041745
ResNext-50,"(112, 112, 3)",20.6176869,2271303121
ResNext-50,"(128, 128, 3)",23.50915434,2818042321
ResNext-50,"(150, 150, 3)",24.06464138,4166302801
ResNext-50,"(224, 224, 3)",29.40901868,8518482385
ResNext-50,"(240, 240, 3)",31.32602073,9979663825
ResNext-50,"(256, 256, 3)",32.14971851,11109591505
ResNext-50,"(299, 299, 3)",39.342691,15814295313
ResNext-50,"(320, 320, 3)",41.88097761,17328253393
ResNext-50,"(331, 331, 3)",42.12645308,19286256401
ResNext-50,"(448, 448, 3)",63.72913695,33911351761
ResNext-50,"(480, 480, 3)",69.65025029,38920829393
ResNext-50,"(568, 568, 3)",90.90414992,55275749073
ResNext-50,"(600, 600, 3)",98.91179712,61625394897
ResNext-50,"(800, 800, 3)",157.46337529,108017072593
ResNext-50,"(896, 896, 3)",198.74362899,135482829265
ResNext-50,"(1024, 1024, 3)",243.76031092,176940575185
ResNext-50,"(1200, 1200, 3)",335.5712487,243987789265
ResNext-50,"(1600, 1600, 3)",578.46929605,431905712593
ResNext-50,"(1792, 1792, 3)",718.66021766,541768739281
ResNext-101,"(32, 32, 3)",31.68184954,417969273
ResNext-101,"(56, 56, 3)",32.96230643,1316006265
ResNext-101,"(64, 64, 3)",33.39333112,1394300025
ResNext-101,"(75, 75, 3)",33.9428398,2176768441
ResNext-101,"(112, 112, 3)",37.32174254,4180247673
ResNext-101,"(128, 128, 3)",38.40883757,5299623033
ResNext-101,"(150, 150, 3)",46.87924209,8022210297
ResNext-101,"(224, 224, 3)",52.86574855,16039261305
ResNext-101,"(240, 240, 3)",56.42185654,18607539321
ResNext-101,"(256, 256, 3)",58.70784845,20920915065
ResNext-101,"(299, 299, 3)",70.85918866,29634071993
ResNext-101,"(320, 320, 3)",71.51687431,32636884089
ResNext-101,"(331, 331, 3)",76.76314969,36160092601
ResNext-101,"(448, 448, 3)",116.53770663,63879468153
ResNext-101,"(480, 480, 3)",121.54331109,73317332089
ResNext-101,"(568, 568, 3)",164.23578093,104789846393
ResNext-101,"(600, 600, 3)",174.41149518,116789502329
ResNext-101,"(800, 800, 3)",273.9021389,203494765689
ResNext-101,"(896, 896, 3)",345.72029836,255240295545
ResNext-101,"(1024, 1024, 3)",421.84924319,333346755705
ResNext-101,"(1200, 1200, 3)",579.94262261,458764682361
ResNext-101,"(1600, 1600, 3)",1006.41039746,813701485689
ResNext-101,"(1792, 1792, 3)",1207.82022044,1020683605113
SEResNext-50,"(32, 32, 3)",18.47400589,237234320
SEResNext-50,"(56, 56, 3)",19.60426829,677684624
SEResNext-50,"(64, 64, 3)",19.70521613,756131984
SEResNext-50,"(75, 75, 3)",21.10166987,1195499472
SEResNext-50,"(112, 112, 3)",22.54762781,2284184720
SEResNext-50,"(128, 128, 3)",23.8646467,2831722640
SEResNext-50,"(150, 150, 3)",26.73420849,4181611280
SEResNext-50,"(224, 224, 3)",32.94879523,8539596944
SEResNext-50,"(240, 240, 3)",33.86772246,10002506896
SEResNext-50,"(256, 256, 3)",35.36820521,11134085264
SEResNext-50,"(299, 299, 3)",42.4525613,15844590544
SEResNext-50,"(320, 320, 3)",45.37124169,17360857232
SEResNext-50,"(331, 331, 3)",45.80398853,19321044944
SEResNext-50,"(448, 448, 3)",69.74573194,33965582480
SEResNext-50,"(480, 480, 3)",74.70650622,38981593232
SEResNext-50,"(568, 568, 3)",97.40818499,55357351312
SEResNext-50,"(600, 600, 3)",104.26574733,61715250576
SEResNext-50,"(800, 800, 3)",173.671095,108167948432
SEResNext-50,"(896, 896, 3)",211.37236389,135669524624
SEResNext-50,"(1024, 1024, 3)",260.2054553,177181337744
SEResNext-50,"(1200, 1200, 3)",357.05683554,244315128976
SEResNext-50,"(1600, 1600, 3)",614.34141921,432478988432
SEResNext-50,"(1792, 1792, 3)",755.04414646,542485293200
ShuffleNet0.5-v1,"(32, 32, 3)",1.16980153,8863814
ShuffleNet0.5-v1,"(56, 56, 3)",1.1790535,24436010
ShuffleNet0.5-v1,"(64, 64, 3)",1.19061809,26158070
ShuffleNet0.5-v1,"(75, 75, 3)",1.23982934,41984282
ShuffleNet0.5-v1,"(112, 112, 3)",1.42271356,77846654
ShuffleNet0.5-v1,"(128, 128, 3)",1.45072007,95335094
ShuffleNet0.5-v1,"(150, 150, 3)",1.5687996,142642658
ShuffleNet0.5-v1,"(224, 224, 3)",2.07034173,285571910
ShuffleNet0.5-v1,"(240, 240, 3)",2.22046535,335900414
ShuffleNet0.5-v1,"(256, 256, 3)",2.34841832,372043190
ShuffleNet0.5-v1,"(299, 299, 3)",2.84138921,533435690
ShuffleNet0.5-v1,"(320, 320, 3)",3.17432123,579574262
ShuffleNet0.5-v1,"(331, 331, 3)",3.33267074,649761050
ShuffleNet0.5-v1,"(448, 448, 3)",5.15517681,1132990454
ShuffleNet0.5-v1,"(480, 480, 3)",5.65954204,1300168262
ShuffleNet0.5-v1,"(568, 568, 3)",7.38190873,1854461738
ShuffleNet0.5-v1,"(600, 600, 3)",7.81955904,2066839130
ShuffleNet0.5-v1,"(800, 800, 3)",12.91932525,3606069062
ShuffleNet0.5-v1,"(896, 896, 3)",15.90038529,4522664630
ShuffleNet0.5-v1,"(1024, 1024, 3)",19.85660616,5906205110
ShuffleNet0.5-v1,"(1200, 1200, 3)",26.99155548,8151350654
ShuffleNet0.5-v1,"(1600, 1600, 3)",47.31736222,14414979062
ShuffleNet0.5-v1,"(1792, 1792, 3)",59.63639306,18081361334
ShuffleNet0.5-v1,"(2400, 2400, 3)",106.39332432,32429829062
ShuffleNet1.0-v1,"(32, 32, 3)",2.34605073,32215946
ShuffleNet1.0-v1,"(56, 56, 3)",2.46938338,92753618
ShuffleNet1.0-v1,"(64, 64, 3)",2.49510802,99152618
ShuffleNet1.0-v1,"(75, 75, 3)",2.55830058,160861874
ShuffleNet1.0-v1,"(112, 112, 3)",2.75001845,299574266
ShuffleNet1.0-v1,"(128, 128, 3)",2.92599835,366899306
ShuffleNet1.0-v1,"(150, 150, 3)",3.26685102,550876226
ShuffleNet1.0-v1,"(224, 224, 3)",4.45713126,1103202698
ShuffleNet1.0-v1,"(240, 240, 3)",4.84371438,1298747642
ShuffleNet1.0-v1,"(256, 256, 3)",5.07204257,1437886058
ShuffleNet1.0-v1,"(299, 299, 3)",5.97674477,2064221906
ShuffleNet1.0-v1,"(320, 320, 3)",6.95041082,2241126122
ShuffleNet1.0-v1,"(331, 331, 3)",7.13147427,2514628274
ShuffleNet1.0-v1,"(448, 448, 3)",11.07493006,4383099626
ShuffleNet1.0-v1,"(480, 480, 3)",11.88458917,5030154122
ShuffleNet1.0-v1,"(568, 568, 3)",15.68287695,7178060498
ShuffleNet1.0-v1,"(600, 600, 3)",17.07104532,8000199986
ShuffleNet1.0-v1,"(800, 800, 3)",28.19972268,13955043722
ShuffleNet1.0-v1,"(896, 896, 3)",36.41976497,17502687338
ShuffleNet1.0-v1,"(1024, 1024, 3)",45.99190948,22857621098
ShuffleNet1.0-v1,"(1200, 1200, 3)",63.35021571,31551016442
ShuffleNet1.0-v1,"(1600, 1600, 3)",106.6316616,55790463722
ShuffleNet1.0-v1,"(1792, 1792, 3)",133.6026545,69981038186
ShuffleNet1.0-v1,"(2400, 2400, 3)",239.37651573,125516163722
ShuffleNet1.5-v1,"(32, 32, 3)",4.08835892,70062542
ShuffleNet1.5-v1,"(56, 56, 3)",4.21538697,204958970
ShuffleNet1.5-v1,"(64, 64, 3)",4.25541393,218989790
ShuffleNet1.5-v1,"(75, 75, 3)",4.29442012,356638922
ShuffleNet1.5-v1,"(112, 112, 3)",4.71796077,665188982
ShuffleNet1.5-v1,"(128, 128, 3)",4.82422475,814698782
ShuffleNet1.5-v1,"(150, 150, 3)",5.63125225,1224706850
ShuffleNet1.5-v1,"(224, 224, 3)",7.73457733,2452898510
ShuffleNet1.5-v1,"(240, 240, 3)",7.85947255,2888547830
ShuffleNet1.5-v1,"(256, 256, 3)",8.13053161,3197534750
ShuffleNet1.5-v1,"(299, 299, 3)",10.25068739,4592364794
ShuffleNet1.5-v1,"(320, 320, 3)",11.57753406,4984661726
ShuffleNet1.5-v1,"(331, 331, 3)",11.64361279,5594607818
ShuffleNet1.5-v1,"(448, 448, 3)",19.18443791,9750333662
ShuffleNet1.5-v1,"(480, 480, 3)",20.71594743,11189963726
ShuffleNet1.5-v1,"(568, 568, 3)",27.65927,15970802426
ShuffleNet1.5-v1,"(600, 600, 3)",30.02198941,17800088714
ShuffleNet1.5-v1,"(800, 800, 3)",49.72384626,31046930126
ShuffleNet1.5-v1,"(896, 896, 3)",61.73897678,38940074270
ShuffleNet1.5-v1,"(1024, 1024, 3)",77.81319276,50854254110
ShuffleNet1.5-v1,"(1200, 1200, 3)",107.32104131,70199003510
ShuffleNet1.5-v1,"(1600, 1600, 3)",190.10686164,124126460126
ShuffleNet1.5-v1,"(1792, 1792, 3)",242.63978095,155699036702
ShuffleNet1.5-v1,"(2400, 2400, 3)",426.84716697,279259010126
ShuffleNet2.0-v1,"(32, 32, 3)",7.29150169,122403602
ShuffleNet2.0-v1,"(56, 56, 3)",7.29563627,361052066
ShuffleNet2.0-v1,"(64, 64, 3)",7.47898655,385669586
ShuffleNet2.0-v1,"(75, 75, 3)",7.57670143,629315426
ShuffleNet2.0-v1,"(112, 112, 3)",8.04957619,1174690802
ShuffleNet2.0-v1,"(128, 128, 3)",8.37964793,1438733522
ShuffleNet2.0-v1,"(150, 150, 3)",9.66145027,2164134530
ShuffleNet2.0-v1,"(224, 224, 3)",12.95844218,4334659346
ShuffleNet2.0-v1,"(240, 240, 3)",13.41129709,5105300978
ShuffleNet2.0-v1,"(256, 256, 3)",13.53686946,5650989266
ShuffleNet2.0-v1,"(299, 299, 3)",16.78585542,8117864354
ShuffleNet2.0-v1,"(320, 320, 3)",19.11701304,8810181074
ShuffleNet2.0-v1,"(331, 331, 3)",19.33594479,9889699682
ShuffleNet2.0-v1,"(448, 448, 3)",29.97741226,17234692562
ShuffleNet2.0-v1,"(480, 480, 3)",33.312465,19779597074
ShuffleNet2.0-v1,"(568, 568, 3)",44.10766902,28232687522
ShuffleNet2.0-v1,"(600, 600, 3)",47.09447065,31466505314
ShuffleNet2.0-v1,"(800, 800, 3)",75.70300305,54881728274
ShuffleNet2.0-v1,"(896, 896, 3)",94.00563893,68834825426
ShuffleNet2.0-v1,"(1024, 1024, 3)",118.10318993,89896104146
ShuffleNet2.0-v1,"(1200, 1200, 3)",162.56141125,124095311858
ShuffleNet2.0-v1,"(1600, 1600, 3)",288.22622494,219422968274
ShuffleNet2.0-v1,"(1792, 1792, 3)",366.84836175,275235356882
ShuffleNet2.0-v1,"(2400, 2400, 3)",642.64360173,493658368274
ShuffleNet0.5-v2,"(32, 32, 3)",1.26600963,12241003
ShuffleNet0.5-v2,"(56, 56, 3)",1.39638225,27680227
ShuffleNet0.5-v2,"(64, 64, 3)",1.45373468,29138467
ShuffleNet0.5-v2,"(75, 75, 3)",1.46861861,46699749
ShuffleNet0.5-v2,"(112, 112, 3)",1.48341044,82492903
ShuffleNet0.5-v2,"(128, 128, 3)",1.55961243,96728323
ShuffleNet0.5-v2,"(150, 150, 3)",1.81206236,143531443
ShuffleNet0.5-v2,"(224, 224, 3)",2.42271847,282600427
ShuffleNet0.5-v2,"(240, 240, 3)",2.51988157,337667879
ShuffleNet0.5-v2,"(256, 256, 3)",2.75077055,367087747
ShuffleNet0.5-v2,"(299, 299, 3)",3.23066917,532218573
ShuffleNet0.5-v2,"(320, 320, 3)",3.56348635,569857315
ShuffleNet0.5-v2,"(331, 331, 3)",3.66968494,646638309
ShuffleNet0.5-v2,"(448, 448, 3)",5.54284664,1110576163
ShuffleNet0.5-v2,"(480, 480, 3)",6.20429829,1273918315
ShuffleNet0.5-v2,"(568, 568, 3)",7.83761163,1817632739
ShuffleNet0.5-v2,"(600, 600, 3)",8.70273436,2025257067
ShuffleNet0.5-v2,"(800, 800, 3)",14.48465497,3526913515
ShuffleNet0.5-v2,"(896, 896, 3)",17.98794923,4422479107
ShuffleNet0.5-v2,"(1024, 1024, 3)",21.04124956,5774276227
ShuffleNet0.5-v2,"(1200, 1200, 3)",28.51668355,7996617959
ShuffleNet0.5-v2,"(1600, 1600, 3)",49.84230138,14087828515
ShuffleNet0.5-v2,"(1792, 1792, 3)",62.37690146,17670090883
ShuffleNet0.5-v2,"(2400, 2400, 3)",110.78473893,31689353515
ShuffleNet1.0-v2,"(32, 32, 3)",2.49885213,31950513
ShuffleNet1.0-v2,"(56, 56, 3)",2.63775631,86254641
ShuffleNet1.0-v2,"(64, 64, 3)",2.66960406,91600161
ShuffleNet1.0-v2,"(75, 75, 3)",2.74471644,150738885
ShuffleNet1.0-v2,"(112, 112, 3)",2.97986836,275864553
ShuffleNet1.0-v2,"(128, 128, 3)",3.14843165,330198753
ShuffleNet1.0-v2,"(150, 150, 3)",3.45379551,495053649
ShuffleNet1.0-v2,"(224, 224, 3)",4.7070051,986344881
ShuffleNet1.0-v2,"(240, 240, 3)",4.96719106,1172302441
ShuffleNet1.0-v2,"(256, 256, 3)",5.18530436,1284593121
ShuffleNet1.0-v2,"(299, 299, 3)",6.61690962,1857446293
ShuffleNet1.0-v2,"(320, 320, 3)",7.06245005,2000388897
ShuffleNet1.0-v2,"(331, 331, 3)",7.0860808,2260327365
ShuffleNet1.0-v2,"(448, 448, 3)",11.93752194,3909177633
ShuffleNet1.0-v2,"(480, 480, 3)",13.33037525,4485790897
ShuffleNet1.0-v2,"(568, 568, 3)",17.34929316,6403268657
ShuffleNet1.0-v2,"(600, 600, 3)",17.57624022,7136096705
ShuffleNet1.0-v2,"(800, 800, 3)",29.5812477,12439077297
ShuffleNet1.0-v2,"(896, 896, 3)",37.75062273,15600508641
ShuffleNet1.0-v2,"(1024, 1024, 3)",46.03576168,20372480481
ShuffleNet1.0-v2,"(1200, 1200, 3)",63.30639886,28176466921
ShuffleNet1.0-v2,"(1600, 1600, 3)",110.13164384,49720107297
ShuffleNet1.0-v2,"(1792, 1792, 3)",138.13225024,62365832673
ShuffleNet1.0-v2,"(2400, 2400, 3)",246.8130518,111855157297
ShuffleNet2.0-v2,"(32, 32, 3)",7.10694839,106084621
ShuffleNet2.0-v2,"(56, 56, 3)",7.10871109,308404813
ShuffleNet2.0-v2,"(64, 64, 3)",7.28018963,328812013
ShuffleNet2.0-v2,"(75, 75, 3)",7.43361024,543169461
ShuffleNet2.0-v2,"(112, 112, 3)",8.02377337,1007599741
ShuffleNet2.0-v2,"(128, 128, 3)",8.17030814,1219721581
ShuffleNet2.0-v2,"(150, 150, 3)",9.24545329,1834453645
ShuffleNet2.0-v2,"(224, 224, 3)",12.6190496,3669722893
ShuffleNet2.0-v2,"(240, 240, 3)",13.16386477,4344974717
ShuffleNet2.0-v2,"(256, 256, 3)",13.33040957,4783359853
ShuffleNet2.0-v2,"(299, 299, 3)",15.65312851,6899542869
ShuffleNet2.0-v2,"(320, 320, 3)",17.90604469,7456088557
ShuffleNet2.0-v2,"(331, 331, 3)",18.31219922,8401535925
ShuffleNet2.0-v2,"(448, 448, 3)",28.94075485,14583365101
ShuffleNet2.0-v2,"(480, 480, 3)",31.74518492,16736396557
ShuffleNet2.0-v2,"(568, 568, 3)",41.85072763,23891851853
ShuffleNet2.0-v2,"(600, 600, 3)",45.38938366,26627939181
ShuffleNet2.0-v2,"(800, 800, 3)",75.43889535,46433382157
ShuffleNet2.0-v2,"(896, 896, 3)",93.68896064,58237933933
ShuffleNet2.0-v2,"(1024, 1024, 3)",117.55071842,76056125293
ShuffleNet2.0-v2,"(1200, 1200, 3)",161.10816296,105102600317
ShuffleNet2.0-v2,"(1600, 1600, 3)",282.36299635,185638002157
ShuffleNet2.0-v2,"(1792, 1792, 3)",352.62524065,232856209261
ShuffleNet2.0-v2,"(2400, 2400, 3)",637.94816346,417645702157
EfficientNet-B0,"(32, 32, 3)",3.17106914,30296740
EfficientNet-B0,"(56, 56, 3)",3.3754063,73222204
EfficientNet-B0,"(64, 64, 3)",3.39176069,78007684
EfficientNet-B0,"(75, 75, 3)",3.77124979,125756716
EfficientNet-B0,"(112, 112, 3)",4.11393652,228573940
EfficientNet-B0,"(128, 128, 3)",4.39812937,268851460
EfficientNet-B0,"(150, 150, 3)",4.98256281,398541820
EfficientNet-B0,"(224, 224, 3)",7.0634508,793671844
EfficientNet-B0,"(240, 240, 3)",7.61614526,948986356
EfficientNet-B0,"(256, 256, 3)",8.04741861,1032226564
EfficientNet-B0,"(299, 299, 3)",10.00758009,1491393100
EfficientNet-B0,"(320, 320, 3)",10.88723893,1604757892
EfficientNet-B0,"(331, 331, 3)",11.26292832,1813713196
EfficientNet-B0,"(448, 448, 3)",17.8468575,3131508100
EfficientNet-B0,"(480, 480, 3)",19.79507597,3592713892
EfficientNet-B0,"(568, 568, 3)",26.56924615,5121553468
EfficientNet-B0,"(600, 600, 3)",28.89689608,5707436188
EfficientNet-B0,"(800, 800, 3)",48.47442848,9954173092
EfficientNet-B0,"(896, 896, 3)",60.40215181,12482853124
EfficientNet-B0,"(1024, 1024, 3)",76.99659688,16299728644
EfficientNet-B0,"(1200, 1200, 3)",105.60907401,22573800436
EfficientNet-B0,"(1600, 1600, 3)",185.86827952,39773513092
EfficientNet-B1,"(32, 32, 3)",4.77277255,43867822
EfficientNet-B1,"(56, 56, 3)",5.10251999,107587582
EfficientNet-B1,"(64, 64, 3)",5.22170193,114384142
EfficientNet-B1,"(75, 75, 3)",5.55952507,187914814
EfficientNet-B1,"(112, 112, 3)",6.15846474,340596382
EfficientNet-B1,"(128, 128, 3)",6.51962792,396449422
EfficientNet-B1,"(150, 150, 3)",7.43486718,589191806
EfficientNet-B1,"(224, 224, 3)",10.18424196,1172128942
EfficientNet-B1,"(240, 240, 3)",10.97669895,1409280926
EfficientNet-B1,"(256, 256, 3)",11.59688095,1524710542
EfficientNet-B1,"(299, 299, 3)",14.46640425,2213927390
EfficientNet-B1,"(320, 320, 3)",15.59907956,2370906382
EfficientNet-B1,"(331, 331, 3)",16.27024422,2691401278
EfficientNet-B1,"(448, 448, 3)",25.41938479,4627428622
EfficientNet-B1,"(480, 480, 3)",28.10101338,5309086382
EfficientNet-B1,"(568, 568, 3)",37.78009994,7571331070
EfficientNet-B1,"(600, 600, 3)",40.69369282,8437407518
EfficientNet-B1,"(800, 800, 3)",68.49672113,14711262382
EfficientNet-B1,"(896, 896, 3)",84.95275745,18448627342
EfficientNet-B1,"(1024, 1024, 3)",108.18783822,24089932942
EfficientNet-B1,"(1200, 1200, 3)",148.67832309,33399963806
EfficientNet-B1,"(1600, 1600, 3)",261.23409348,58783962382
EfficientNet-B2,"(32, 32, 3)",5.33969679,50814930
EfficientNet-B2,"(56, 56, 3)",5.68151222,124735986
EfficientNet-B2,"(64, 64, 3)",5.77738113,132279906
EfficientNet-B2,"(75, 75, 3)",6.18627342,218400818
EfficientNet-B2,"(112, 112, 3)",6.93386249,394571970
EfficientNet-B2,"(128, 128, 3)",7.27251381,458139810
EfficientNet-B2,"(150, 150, 3)",8.08363652,681785026
EfficientNet-B2,"(224, 224, 3)",11.11783013,1354254546
EfficientNet-B2,"(240, 240, 3)",11.7950173,1630205890
EfficientNet-B2,"(256, 256, 3)",12.52974002,1761579426
EfficientNet-B2,"(299, 299, 3)",15.45047502,2562121666
EfficientNet-B2,"(320, 320, 3)",16.96013962,2739159138
EfficientNet-B2,"(331, 331, 3)",17.54181841,3114178866
EfficientNet-B2,"(448, 448, 3)",27.20937357,5346038370
EfficientNet-B2,"(480, 480, 3)",29.84334757,6133533138
EfficientNet-B2,"(568, 568, 3)",40.24225588,8749958642
EfficientNet-B2,"(600, 600, 3)",43.4640298,9750669922
EfficientNet-B2,"(800, 800, 3)",72.74220094,16995529938
EfficientNet-B2,"(896, 896, 3)",90.77331129,21313173666
EfficientNet-B2,"(1024, 1024, 3)",114.80924271,27830371746
EfficientNet-B4,"(32, 32, 3)",10.93135104,110320914
EfficientNet-B4,"(56, 56, 3)",11.46962513,280344426
EfficientNet-B4,"(64, 64, 3)",11.96162478,295821186
EfficientNet-B4,"(75, 75, 3)",12.03523517,490171106
EfficientNet-B4,"(112, 112, 3)",13.51135899,890312994
EfficientNet-B4,"(128, 128, 3)",13.95952771,1037822274
EfficientNet-B4,"(150, 150, 3)",15.48336552,1551858378
EfficientNet-B4,"(224, 224, 3)",20.63664259,3078325266
EfficientNet-B4,"(240, 240, 3)",22.0248122,3700974114
EfficientNet-B4,"(256, 256, 3)",23.07015855,4005826626
EfficientNet-B4,"(299, 299, 3)",28.97252348,5822582610
EfficientNet-B4,"(320, 320, 3)",31.22155237,6231829890
EfficientNet-B4,"(331, 331, 3)",32.43131545,7079023074
EfficientNet-B4,"(448, 448, 3)",49.84585771,12167838594
EfficientNet-B4,"(480, 480, 3)",54.83805602,13961007890
EfficientNet-B4,"(568, 568, 3)",73.75431791,19934971754
EfficientNet-B4,"(600, 600, 3)",79.68222893,22214554170
EfficientNet-B4,"(800, 800, 3)",134.24224115,38694377490
EfficientNet-B4,"(896, 896, 3)",167.58218595,48525891906
MNASNet0.35,"(32, 32, 3)",0.87583587,4576477
MNASNet0.35,"(56, 56, 3)",0.88274545,10158685
MNASNet0.35,"(64, 64, 3)",0.93117526,11045965
MNASNet0.35,"(75, 75, 3)",0.9332991,17179645
MNASNet0.35,"(112, 112, 3)",1.07152312,31158157
MNASNet0.35,"(128, 128, 3)",1.08595191,36923917
MNASNet0.35,"(150, 150, 3)",1.29442969,53754861
MNASNet0.35,"(224, 224, 3)",1.72457877,108088285
MNASNet0.35,"(240, 240, 3)",1.84438704,128519821
MNASNet0.35,"(256, 256, 3)",1.94389409,140435725
MNASNet0.35,"(299, 299, 3)",2.50626939,201450221
MNASNet0.35,"(320, 320, 3)",2.74523498,218069581
MNASNet0.35,"(331, 331, 3)",2.91165995,245026557
MNASNet0.35,"(448, 448, 3)",4.56727478,425093197
MNASNet0.35,"(480, 480, 3)",5.09173428,487631581
MNASNet0.35,"(568, 568, 3)",6.58364484,692665949
MNASNet0.35,"(600, 600, 3)",7.08707849,771983085
MNASNet0.35,"(800, 800, 3)",11.58967261,1350229981
MNASNet0.35,"(896, 896, 3)",14.32979423,1693112845
MNASNet0.35,"(1024, 1024, 3)",18.1016891,2210671885
MNASNet0.35,"(1200, 1200, 3)",24.809441,3058358221
MNASNet0.35,"(1600, 1600, 3)",43.84484895,5393659981
MNASNet0.5,"(32, 32, 3)",1.00574552,7947261
MNASNet0.5,"(56, 56, 3)",1.09609243,18358989
MNASNet0.5,"(64, 64, 3)",1.12020896,19917789
MNASNet0.5,"(75, 75, 3)",1.15334819,31803981
MNASNet0.5,"(112, 112, 3)",1.34503071,57749661
MNASNet0.5,"(128, 128, 3)",1.42141439,67799901
MNASNet0.5,"(150, 150, 3)",1.5936868,99388013
MNASNet0.5,"(224, 224, 3)",2.37795347,199475709
MNASNet0.5,"(240, 240, 3)",2.60723918,238557853
MNASNet0.5,"(256, 256, 3)",2.74684076,259328349
MNASNet0.5,"(299, 299, 3)",3.40623245,374155053
MNASNet0.5,"(320, 320, 3)",3.73882778,402974685
MNASNet0.5,"(331, 331, 3)",3.859369,454983757
MNASNet0.5,"(448, 448, 3)",5.99750105,786031581
MNASNet0.5,"(480, 480, 3)",6.61143693,901746685
MNASNet0.5,"(568, 568, 3)",8.74323179,1281913549
MNASNet0.5,"(600, 600, 3)",9.50319607,1428718701
MNASNet0.5,"(800, 800, 3)",15.76170356,2497817085
MNASNet0.5,"(896, 896, 3)",19.60109104,3132255069
MNASNet0.5,"(1024, 1024, 3)",24.75937114,4089897309
MNASNet0.5,"(1200, 1200, 3)",34.11967503,5664598813
MNASNet0.5,"(1600, 1600, 3)",60.21053088,9979397085
MNASNet0.75,"(32, 32, 3)",1.50318165,15589133
MNASNet0.75,"(56, 56, 3)",1.61479197,38064845
MNASNet0.75,"(64, 64, 3)",1.61750887,41238845
MNASNet0.75,"(75, 75, 3)",1.76983177,66821957
MNASNet0.75,"(112, 112, 3)",1.99105605,122514533
MNASNet0.75,"(128, 128, 3)",2.11579467,143837693
MNASNet0.75,"(150, 150, 3)",2.39168381,211925597
MNASNet0.75,"(224, 224, 3)",3.52479136,425984525
MNASNet0.75,"(240, 240, 3)",3.78782956,510165221
MNASNet0.75,"(256, 256, 3)",4.07792157,554233085
MNASNet0.75,"(299, 299, 3)",4.9153055,800667797
MNASNet0.75,"(320, 320, 3)",5.59710824,862029629
MNASNet0.75,"(331, 331, 3)",5.62427454,973902149
MNASNet0.75,"(448, 448, 3)",9.00261516,1682820413
MNASNet0.75,"(480, 480, 3)",9.9637851,1930767629
MNASNet0.75,"(568, 568, 3)",13.39159976,2746949325
MNASNet0.75,"(600, 600, 3)",14.51478173,3061602973
MNASNet0.75,"(800, 800, 3)",24.35747845,5350729229
MNASNet0.75,"(896, 896, 3)",30.44822109,6710163965
MNASNet0.75,"(1024, 1024, 3)",38.54201698,8762140925
MNASNet0.75,"(1200, 1200, 3)",52.83962555,12138447461
MNASNet0.75,"(1600, 1600, 3)",93.26575313,21381799229
Inception-v1,"(224, 224, 3)",7.26850826,3022626453
Inception-v1,"(240, 240, 3)",7.4831517,3510035591
Inception-v1,"(256, 256, 3)",7.62438574,3949549623
Inception-v1,"(299, 299, 3)",9.85546547,5585275087
Inception-v1,"(320, 320, 3)",10.22003034,6184299711
Inception-v1,"(331, 331, 3)",10.77486945,6831507061
Inception-v1,"(448, 448, 3)",14.91578826,12177414879
Inception-v1,"(480, 480, 3)",16.15329189,13993113461
Inception-v1,"(568, 568, 3)",22.84625367,19885302591
Inception-v1,"(600, 600, 3)",24.16981008,22191154565
Inception-v1,"(800, 800, 3)",39.27288081,39133334661
Inception-v1,"(896, 896, 3)",45.90352358,49151275383
Inception-v1,"(1024, 1024, 3)",55.74415523,64286080503
Xception,"(32, 32, 3)",8.87296594,226336347
Xception,"(56, 56, 3)",9.27428875,722219211
Xception,"(64, 64, 3)",9.32411882,777110043
Xception,"(75, 75, 3)",9.57626755,1173266907
Xception,"(112, 112, 3)",11.1366788,2348166507
Xception,"(128, 128, 3)",11.43139635,3004571931
Xception,"(150, 150, 3)",12.83068399,3902491179
Xception,"(224, 224, 3)",18.35683534,9160551003
Xception,"(240, 240, 3)",19.0701716,10600084587
Xception,"(256, 256, 3)",19.78911076,11963153691
Xception,"(299, 299, 3)",26.7719117,16777023579
Xception,"(320, 320, 3)",30.00705793,18694273563
Xception,"(331, 331, 3)",33.07957681,20507351003
Xception,"(448, 448, 3)",49.51229132,36660171291
Xception,"(480, 480, 3)",54.27300302,42089907803
Xception,"(568, 568, 3)",74.51554867,60081662155
Xception,"(600, 600, 3)",80.43095514,66981718411
Xception,"(800, 800, 3)",132.73754793,117029038683
Xception,"(896, 896, 3)",165.53980244,146829222171
Xception,"(1024, 1024, 3)",211.1178578,191817067803
InceptionResNetV2,"(75, 75, 3)",32.12690017,982770237
InceptionResNetV2,"(112, 112, 3)",33.26918984,2474721021
InceptionResNetV2,"(128, 128, 3)",34.56065541,3367197629
InceptionResNetV2,"(150, 150, 3)",35.34224663,4851524989
InceptionResNetV2,"(224, 224, 3)",41.06536597,13071050429
InceptionResNetV2,"(240, 240, 3)",45.30017419,15620596477
InceptionResNetV2,"(256, 256, 3)",47.8789988,17755022269
InceptionResNetV2,"(299, 299, 3)",54.14228808,26466698301
InceptionResNetV2,"(320, 320, 3)",56.68020176,29296997309
InceptionResNetV2,"(331, 331, 3)",58.23060308,33005967933
InceptionResNetV2,"(448, 448, 3)",85.90714635,61077072829
InceptionResNetV2,"(480, 480, 3)",92.51240493,70833784509
InceptionResNetV2,"(568, 568, 3)",117.80261391,100083201789
InceptionResNetV2,"(600, 600, 3)",126.04102741,112479334653
InceptionResNetV2,"(800, 800, 3)",184.86845065,208258142909
InceptionResNetV2,"(896, 896, 3)",224.3611174,263616654269
InceptionResNetV2,"(1024, 1024, 3)",287.30580202,347573482429
DenseNet-121,"(32, 32, 3)",8.4186084,133742395
DenseNet-121,"(56, 56, 3)",8.60455278,341939771
DenseNet-121,"(64, 64, 3)",8.69641754,480813883
DenseNet-121,"(75, 75, 3)",8.82173876,600713083
DenseNet-121,"(112, 112, 3)",9.22789474,1421406011
DenseNet-121,"(128, 128, 3)",9.63627171,1869099835
DenseNet-121,"(150, 150, 3)",10.42374374,2535962555
DenseNet-121,"(224, 224, 3)",13.25326951,5686886203
DenseNet-121,"(240, 240, 3)",13.82985872,6494736187
DenseNet-121,"(256, 256, 3)",14.2067143,7422243643
DenseNet-121,"(299, 299, 3)",17.68379869,9895888763
DenseNet-121,"(320, 320, 3)",19.2335179,11587101499
DenseNet-121,"(331, 331, 3)",20.0978847,12149294971
DenseNet-121,"(448, 448, 3)",30.30210401,22693389115
DenseNet-121,"(480, 480, 3)",32.76172866,26048413499
DenseNet-121,"(568, 568, 3)",44.44802421,36122170939
DenseNet-121,"(600, 600, 3)",47.8344755,40325173819
DenseNet-121,"(800, 800, 3)",81.30270697,72324611899
DenseNet-121,"(896, 896, 3)",98.89486729,90719400763
DenseNet-121,"(1024, 1024, 3)",123.89005316,118485119803
DenseNet-201,"(32, 32, 3)",19.66484667,219121067
DenseNet-201,"(56, 56, 3)",19.71897588,489741483
DenseNet-201,"(64, 64, 3)",20.02977554,744523307
DenseNet-201,"(75, 75, 3)",20.158608,864422507
DenseNet-201,"(112, 112, 3)",20.9311605,2144633259
DenseNet-201,"(128, 128, 3)",21.14125874,2846132267
DenseNet-201,"(150, 150, 3)",22.16976064,3725233323
DenseNet-201,"(224, 224, 3)",26.64805016,8625556907
DenseNet-201,"(240, 240, 3)",27.76713475,9795460523
DenseNet-201,"(256, 256, 3)",27.81214136,11252568107
DenseNet-201,"(299, 299, 3)",33.43958031,14736754155
DenseNet-201,"(320, 320, 3)",35.97540569,17557394987
DenseNet-201,"(331, 331, 3)",36.81321258,18119588459
DenseNet-201,"(448, 448, 3)",51.66578978,34370266667
DenseNet-201,"(480, 480, 3)",55.38774987,39449154987
DenseNet-201,"(568, 568, 3)",72.81459907,54188739755
DenseNet-201,"(600, 600, 3)",79.05844247,60522206507
DenseNet-201,"(800, 800, 3)",133.44534636,109502786987
DenseNet-201,"(896, 896, 3)",160.12712169,137349105707
DenseNet-201,"(1024, 1024, 3)",196.28532686,179381284907
DenseNet-161,"(56, 56, 3)",22.79075209,939718788
DenseNet-161,"(128, 128, 3)",24.18212913,5214356949
DenseNet-161,"(150, 150, 3)",26.40529642,6903553173
DenseNet-161,"(224, 224, 3)",34.45741527,15768832980
DenseNet-161,"(240, 240, 3)",35.26503913,17919239124
DenseNet-161,"(256, 256, 3)",38.23421844,20566322085
DenseNet-161,"(299, 299, 3)",46.34857831,27118904340
DenseNet-161,"(320, 320, 3)",50.19862148,32080295937
DenseNet-161,"(331, 331, 3)",52.80773442,33317385825
DenseNet-161,"(448, 448, 3)",76.95840522,62784226209
DenseNet-161,"(480, 480, 3)",83.75349949,72059371812
DenseNet-161,"(568, 568, 3)",111.68061292,99294747492
DenseNet-161,"(600, 600, 3)",126.31840313,110879091105
DenseNet-161,"(800, 800, 3)",204.73245896,199992414612
DenseNet-161,"(896, 896, 3)",251.22320812,250845799125
DenseNet-161,"(1024, 1024, 3)",312.92377882,327605624805
DenseNet-169,"(32, 32, 3)",14.34779768,168832587
DenseNet-169,"(56, 56, 3)",14.50549197,394560843
DenseNet-169,"(64, 64, 3)",14.61443602,580198347
DenseNet-169,"(75, 75, 3)",14.79423487,700097547
DenseNet-169,"(112, 112, 3)",15.17513434,1673527883
DenseNet-169,"(128, 128, 3)",15.68381593,2225661387
DenseNet-169,"(150, 150, 3)",16.72644162,2952129099
DenseNet-169,"(224, 224, 3)",19.98029416,6750684747
DenseNet-169,"(240, 240, 3)",20.61338182,7660213835
DenseNet-169,"(256, 256, 3)",20.99218622,8807513547
DenseNet-169,"(299, 299, 3)",25.14143135,11645492875
DenseNet-169,"(320, 320, 3)",26.88886366,13743902667
DenseNet-169,"(331, 331, 3)",27.92222945,14306096139
DenseNet-169,"(448, 448, 3)",39.48266194,26907606987
DenseNet-169,"(480, 480, 3)",42.35137489,30884142667
DenseNet-169,"(568, 568, 3)",55.71431533,42571437387
DenseNet-169,"(600, 600, 3)",60.68058465,47538564811
DenseNet-169,"(800, 800, 3)",101.77743805,85732910667
DenseNet-169,"(896, 896, 3)",122.11001079,107535295947
DenseNet-169,"(1024, 1024, 3)",150.84013267,140444556747
DenseNet-264,"(32, 32, 3)",32.78087745,357874456
DenseNet-264,"(56, 56, 3)",33.16498072,686494232
DenseNet-264,"(128, 128, 3)",34.6795734,3959155561
DenseNet-264,"(150, 150, 3)",36.17626901,5035454441
DenseNet-264,"(224, 224, 3)",41.84463577,11881973992
DenseNet-264,"(240, 240, 3)",42.24621909,13388273896
DenseNet-264,"(256, 256, 3)",42.77711472,15483255097
DenseNet-264,"(299, 299, 3)",51.15644365,20071613704
DenseNet-264,"(320, 320, 3)",54.3678964,24126329749
DenseNet-264,"(331, 331, 3)",56.14141132,24688523221
DenseNet-264,"(448, 448, 3)",74.86470154,47174528821
DenseNet-264,"(480, 480, 3)",79.55438342,54137005624
DenseNet-264,"(568, 568, 3)",103.99376588,73833866488
DenseNet-264,"(600, 600, 3)",112.84718407,82487029173
DenseNet-264,"(800, 800, 3)",189.95702473,150171168424
DenseNet-264,"(896, 896, 3)",226.32802854,188344748137
DenseNet-264,"(1024, 1024, 3)",274.20103195,245965245817
Inception-v3,"(75, 75, 3)",15.00300901,455628875
Inception-v3,"(112, 112, 3)",15.53137397,1126834187
Inception-v3,"(128, 128, 3)",15.93264184,1516266859
Inception-v3,"(150, 150, 3)",16.40061718,2189719275
Inception-v3,"(224, 224, 3)",18.21672152,5735759851
Inception-v3,"(240, 240, 3)",19.52805137,6848925195
Inception-v3,"(256, 256, 3)",20.78718474,7763451243
Inception-v3,"(299, 299, 3)",23.69516795,11498653259
Inception-v3,"(320, 320, 3)",25.1749865,12750624619
Inception-v3,"(331, 331, 3)",26.06761193,14318615627
Inception-v3,"(448, 448, 3)",38.91307385,26452133739
Inception-v3,"(480, 480, 3)",40.9619643,30654003179
Inception-v3,"(568, 568, 3)",52.2618083,43422013547
Inception-v3,"(600, 600, 3)",56.27261181,48765785963
Inception-v3,"(800, 800, 3)",73.61796573,89755525099
Inception-v3,"(896, 896, 3)",88.21942801,113542620523
Inception-v3,"(1024, 1024, 3)",110.27951533,149607103851
DPN-92,"(32, 32, 3)",28.36909272,415920486
DPN-92,"(56, 56, 3)",29.14785282,1140751590
DPN-92,"(64, 64, 3)",29.48592721,1212344550
DPN-92,"(75, 75, 3)",31.58805727,1859425638
DPN-92,"(112, 112, 3)",33.29800202,3499450086
DPN-92,"(128, 128, 3)",33.90222335,4398040806
DPN-92,"(150, 150, 3)",37.63908697,6598330086
DPN-92,"(224, 224, 3)",47.77461831,13158705510
DPN-92,"(240, 240, 3)",51.34415278,15283738342
DPN-92,"(256, 256, 3)",52.72501882,17140825830
DPN-92,"(299, 299, 3)",63.62624363,24279009510
DPN-92,"(320, 320, 3)",66.41572423,26697914598
DPN-92,"(331, 331, 3)",67.66723591,29605604710
DPN-92,"(448, 448, 3)",99.92930345,52183484646
DPN-92,"(480, 480, 3)",104.69236293,59882250598
DPN-92,"(568, 568, 3)",141.37156215,85481725158
DPN-92,"(600, 600, 3)",151.37246701,95266105702
DPN-92,"(800, 800, 3)",239.16442389,166072125798
DPN-92,"(896, 896, 3)",297.35739043,208282601190
DPN-92,"(1024, 1024, 3)",376.69128549,271996526310
DPN-98,"(32, 32, 3)",47.44438896,722484678
DPN-98,"(56, 56, 3)",49.30983697,2009025222
DPN-98,"(64, 64, 3)",49.52418486,2152017222
DPN-98,"(75, 75, 3)",51.45613688,3297744678
DPN-98,"(112, 112, 3)",55.0484642,6232011078
DPN-98,"(128, 128, 3)",57.00293367,7870147398
DPN-98,"(150, 150, 3)",66.84759636,11782704006
DPN-98,"(224, 224, 3)",84.33618275,23595005382
DPN-98,"(240, 240, 3)",85.40845384,27357186374
DPN-98,"(256, 256, 3)",87.65688811,30742668102
DPN-98,"(299, 299, 3)",102.54437345,43500351654
DPN-98,"(320, 320, 3)",110.51482262,47897058630
DPN-98,"(331, 331, 3)",113.04886555,53055668006
DPN-98,"(448, 448, 3)",161.99207664,93642100038
DPN-98,"(480, 480, 3)",176.8765785,107460914630
DPN-98,"(568, 568, 3)",229.25616528,153272298182
DPN-98,"(600, 600, 3)",247.03821247,170826937158
DPN-98,"(800, 800, 3)",395.43192893,298065253830
DPN-98,"(896, 896, 3)",484.31411102,373830478662
DPN-98,"(1024, 1024, 3)",592.28892158,488193082182
MNASNet1.0,"(32, 32, 3)",1.96185559,23442589
MNASNet1.0,"(56, 56, 3)",2.07502513,57823069
MNASNet1.0,"(64, 64, 3)",2.1016707,61561309
MNASNet1.0,"(75, 75, 3)",2.24532698,102286189
MNASNet1.0,"(112, 112, 3)",2.52328791,185199229
MNASNet1.0,"(128, 128, 3)",2.67062099,214036189
MNASNet1.0,"(150, 150, 3)",3.01986721,317938461
MNASNet1.0,"(224, 224, 3)",4.32355746,633342109
MNASNet1.0,"(240, 240, 3)",4.59222216,764339325
MNASNet1.0,"(256, 256, 3)",4.8607869,823935709
MNASNet1.0,"(299, 299, 3)",6.04715856,1199960109
MNASNet1.0,"(320, 320, 3)",6.62791652,1281360349
MNASNet1.0,"(331, 331, 3)",6.76458719,1458420589
MNASNet1.0,"(448, 448, 3)",10.81180532,2501159389
MNASNet1.0,"(480, 480, 3)",11.8983084,2869640349
MNASNet1.0,"(568, 568, 3)",15.90877663,4091920221
MNASNet1.0,"(600, 600, 3)",17.28811351,4560057373
MNASNet1.0,"(800, 800, 3)",28.92261099,7952136349
MNASNet1.0,"(896, 896, 3)",36.23865433,9972428509
MNASNet1.0,"(1024, 1024, 3)",45.58555814,13021926109
MNASNet1.4,"(32, 32, 3)",3.07763444,42733213
MNASNet1.4,"(56, 56, 3)",3.23445743,108805933
MNASNet1.4,"(64, 64, 3)",3.2848325,115606813
MNASNet1.4,"(75, 75, 3)",3.4740078,194445685
MNASNet1.4,"(112, 112, 3)",3.93913659,353082373
MNASNet1.4,"(128, 128, 3)",4.10336342,407101213
MNASNet1.4,"(150, 150, 3)",4.56652161,606648109
MNASNet1.4,"(224, 224, 3)",6.43177811,1208710813
MNASNet1.4,"(240, 240, 3)",6.78085126,1461439877
MNASNet1.4,"(256, 256, 3)",7.15401,1573078813
MNASNet1.4,"(299, 299, 3)",9.10320342,2295484821
MNASNet1.4,"(320, 320, 3)",10.00849958,2447562013
MNASNet1.4,"(331, 331, 3)",10.13905721,2789962869
MNASNet1.4,"(448, 448, 3)",16.17367114,4779517213
MNASNet1.4,"(480, 480, 3)",17.79706382,5483962013
MNASNet1.4,"(568, 568, 3)",23.73514613,7823955757
MNASNet1.4,"(600, 600, 3)",25.77138628,8719103021
MNASNet1.4,"(800, 800, 3)",43.97785902,15200442013
MNASNet1.4,"(896, 896, 3)",54.93067071,19062742813
MNASNet1.4,"(1024, 1024, 3)",69.52874364,24892630813
DPN-107,"(32, 32, 3)",67.09209082,1094301468
DPN-107,"(56, 56, 3)",69.81314526,3074150556
DPN-107,"(64, 64, 3)",71.18606482,3335523996
DPN-107,"(75, 75, 3)",72.79058528,5098430364
DPN-107,"(112, 112, 3)",82.70241935,9689552028
DPN-107,"(128, 128, 3)",82.86528553,12300414108
DPN-107,"(150, 150, 3)",94.08651697,18338828316
DPN-107,"(224, 224, 3)",121.52554747,36953861916
DPN-107,"(240, 240, 3)",123.62054096,42764192924
DPN-107,"(256, 256, 3)",126.30829805,48159974556
DPN-107,"(299, 299, 3)",149.19865681,68042488604
DPN-107,"(320, 320, 3)",164.64392227,75054644892
DPN-107,"(331, 331, 3)",164.91709971,83011090332
DPN-107,"(448, 448, 3)",239.07068694,146773765788
DPN-107,"(480, 480, 3)",264.2005576,168438916892
DPN-107,"(568, 568, 3)",341.38694251,239907500188
DPN-107,"(600, 600, 3)",368.44551024,267409845532
DPN-107,"(800, 800, 3)",582.6967578,467268587292
DPN-107,"(896, 896, 3)",736.78204949,586053381276
DPN-137,"(64, 64, 3)",65.01588172,2931922310
DPN-137,"(75, 75, 3)",65.66426786,4468833926
DPN-137,"(112, 112, 3)",71.82671055,8479280006
DPN-137,"(128, 128, 3)",73.79038859,10777965446
DPN-137,"(150, 150, 3)",89.83310294,16167020294
DPN-137,"(224, 224, 3)",103.11886012,32354584070
DPN-137,"(240, 240, 3)",111.26319525,37411521414
DPN-137,"(256, 256, 3)",113.98535133,42162137990
DPN-137,"(299, 299, 3)",133.34269057,59543374342
DPN-137,"(320, 320, 3)",149.55939739,65700267398
DPN-137,"(331, 331, 3)",151.74607638,72641861254
DPN-137,"(448, 448, 3)",208.65295439,128468612486
DPN-137,"(480, 480, 3)",236.34751669,147429883398
DPN-137,"(568, 568, 3)",306.70261843,210363824006
DPN-137,"(600, 600, 3)",331.85061187,234455319558
DPN-137,"(800, 800, 3)",520.85920278,408964654598
DPN-137,"(896, 896, 3)",650.25162627,512924726150
